NAME,state,Total_Pop_2009,Total_Pop_2011,Total_Pop_2013,Total_Pop_2015,Total_Pop_2016,Total_Pop_2021,Total_Pop_25_to_29_2009,Total_Pop_25_to_29_2011,Total_Pop_25_to_29_2013,Total_Pop_25_to_29_2015,Total_Pop_25_to_29_2016,Total_Pop_25_to_29_2021,2009-2021 Total_Pop Change,2009-2021 Total_Pop % Change,2009-2021 Total_Pop Change Rank,2009-2021 Total_Pop Change Percentile,2009-2021 Total_Pop % Change Rank,2009-2021 Total_Pop % Change Percentile,2011-2021 Total_Pop Change,2011-2021 Total_Pop % Change,2011-2021 Total_Pop Change Rank,2011-2021 Total_Pop Change Percentile,2011-2021 Total_Pop % Change Rank,2011-2021 Total_Pop % Change Percentile,2013-2021 Total_Pop Change,2013-2021 Total_Pop % Change,2013-2021 Total_Pop Change Rank,2013-2021 Total_Pop Change Percentile,2013-2021 Total_Pop % Change Rank,2013-2021 Total_Pop % Change Percentile,2015-2021 Total_Pop Change,2015-2021 Total_Pop % Change,2015-2021 Total_Pop Change Rank,2015-2021 Total_Pop Change Percentile,2015-2021 Total_Pop % Change Rank,2015-2021 Total_Pop % Change Percentile,2016-2021 Total_Pop Change,2016-2021 Total_Pop % Change,2016-2021 Total_Pop Change Rank,2016-2021 Total_Pop Change Percentile,2016-2021 Total_Pop % Change Rank,2016-2021 Total_Pop % Change Percentile,2009-2021 Total_Pop_25_to_29 Change,2009-2021 Total_Pop_25_to_29 % Change,2009-2021 Total_Pop_25_to_29 Change Rank,2009-2021 Total_Pop_25_to_29 Change Percentile,2009-2021 Total_Pop_25_to_29 % Change Rank,2009-2021 Total_Pop_25_to_29 % Change Percentile,2011-2021 Total_Pop_25_to_29 Change,2011-2021 Total_Pop_25_to_29 % Change,2011-2021 Total_Pop_25_to_29 Change Rank,2011-2021 Total_Pop_25_to_29 Change Percentile,2011-2021 Total_Pop_25_to_29 % Change Rank,2011-2021 Total_Pop_25_to_29 % Change Percentile,2013-2021 Total_Pop_25_to_29 Change,2013-2021 Total_Pop_25_to_29 % Change,2013-2021 Total_Pop_25_to_29 Change Rank,2013-2021 Total_Pop_25_to_29 Change Percentile,2013-2021 Total_Pop_25_to_29 % Change Rank,2013-2021 Total_Pop_25_to_29 % Change Percentile,2015-2021 Total_Pop_25_to_29 Change,2015-2021 Total_Pop_25_to_29 % Change,2015-2021 Total_Pop_25_to_29 Change Rank,2015-2021 Total_Pop_25_to_29 Change Percentile,2015-2021 Total_Pop_25_to_29 % Change Rank,2015-2021 Total_Pop_25_to_29 % Change Percentile,2016-2021 Total_Pop_25_to_29 Change,2016-2021 Total_Pop_25_to_29 % Change,2016-2021 Total_Pop_25_to_29 Change Rank,2016-2021 Total_Pop_25_to_29 Change Percentile,2016-2021 Total_Pop_25_to_29 % Change Rank,2016-2021 Total_Pop_25_to_29 % Change Percentile
Alabama,01,4633360,4747424,4799277,4830620,4841164,4997675,312650,308967,311340,314792,319177,331435,364315,7.862868415145807,22.0,58.82352941176471,27.0,49.01960784313725,250251,5.27130081492615,23.0,56.86274509803921,28.0,47.05882352941176,198398,4.1339143375137555,24.0,54.90196078431373,28.0,47.05882352941176,167055,3.4582517358020315,24.0,54.90196078431373,27.0,49.01960784313725,156511,3.2329208430038836,24.0,54.90196078431373,26.0,50.98039215686274,18785,6.008316008316017,24.0,54.90196078431373,33.0,37.254901960784316,22468,7.2719740295889235,21.0,60.78431372549019,28.0,47.05882352941176,20095,6.454358579045416,21.0,60.78431372549019,28.0,47.05882352941176,16643,5.286983150778934,21.0,60.78431372549019,24.0,54.90196078431373,12258,3.8405022918318155,20.0,62.745098039215684,25.0,52.94117647058824
Alaska,02,683142,700703,720316,733375,736855,735951,53206,52613,57136,60674,61185,59218,52809,7.730310828495401,43.0,17.647058823529413,28.0,47.05882352941176,35248,5.030376636035516,45.0,13.725490196078432,29.0,45.09803921568628,15635,2.1705751364678783,47.0,9.803921568627452,40.0,23.52941176470588,2576,0.35125276972898245,47.0,9.803921568627452,46.0,11.76470588235294,-904,-0.12268356732328956,47.0,9.803921568627452,47.0,9.803921568627452,6012,11.299477502537304,39.0,25.49019607843137,17.0,68.62745098039215,6605,12.553931537832863,35.0,33.33333333333333,14.0,74.50980392156863,2082,3.643937272472697,41.0,21.568627450980394,32.0,39.21568627450981,-1456,-2.3997099251738763,45.0,13.725490196078432,48.0,7.8431372549019605,-1967,-3.2148402386205754,46.0,11.76470588235294,49.0,5.88235294117647
Arizona,04,6324865,6337373,6479703,6641928,6728577,7079203,480047,446787,440212,447473,456680,496623,754338,11.926547048830294,9.0,84.31372549019608,16.0,70.58823529411765,741830,11.705638913789663,9.0,84.31372549019608,10.0,82.35294117647058,599500,9.251967258375892,9.0,84.31372549019608,10.0,82.35294117647058,437275,6.583555256847107,9.0,84.31372549019608,10.0,82.35294117647058,350626,5.210997808303297,9.0,84.31372549019608,11.0,80.3921568627451,16576,3.452995227550626,26.0,50.98039215686274,41.0,21.568627450980394,49836,11.154308428848637,14.0,74.50980392156863,18.0,66.66666666666666,56411,12.81450755545055,12.0,78.43137254901961,9.0,84.31372549019608,49150,10.983902939395218,9.0,84.31372549019608,8.0,86.27450980392157,39943,8.746386966803898,10.0,82.35294117647058,8.0,86.27450980392157
Arkansas,05,2838143,2895928,2933369,2958208,2968472,3006309,197733,192715,192244,192763,194179,197068,168166,5.925212365973098,33.0,37.254901960784316,34.0,35.294117647058826,110381,3.811593382155909,33.0,37.254901960784316,37.0,29.411764705882355,72940,2.486560674773619,37.0,29.411764705882355,37.0,29.411764705882355,48101,1.6260181839816479,35.0,33.33333333333333,40.0,23.52941176470588,37837,1.2746288326115351,36.0,31.372549019607842,43.0,17.647058823529413,-665,-0.33631209762660097,48.0,7.8431372549019605,48.0,7.8431372549019605,4353,2.2587759126170726,39.0,25.49019607843137,42.0,19.607843137254903,4824,2.5093110838309673,35.0,33.33333333333333,36.0,31.372549019607842,4305,2.2333124095391677,33.0,37.254901960784316,32.0,39.21568627450981,2889,1.4878024915155663,33.0,37.254901960784316,33.0,37.254901960784316
California,06,36308527,36969200,37659181,38421464,38654206,39455353,2722410,2737580,2779994,2866073,2918435,2992210,3146826,8.66690626144102,2.0,98.0392156862745,26.0,50.98039215686274,2486153,6.724930482672065,3.0,96.07843137254902,25.0,52.94117647058824,1796172,4.7695461035119235,3.0,96.07843137254902,25.0,52.94117647058824,1033889,2.690915161379581,3.0,96.07843137254902,31.0,41.17647058823529,801147,2.0725998097076426,3.0,96.07843137254902,33.0,37.254901960784316,269800,9.910336797176033,2.0,98.0392156862745,21.0,60.78431372549019,254630,9.301280693166959,2.0,98.0392156862745,23.0,56.86274509803921,212216,7.633685540328505,2.0,98.0392156862745,24.0,54.90196078431373,126137,4.401039331517387,2.0,98.0392156862745,26.0,50.98039215686274,73775,2.527895944230374,2.0,98.0392156862745,30.0,43.13725490196079
Colorado,08,4843211,4966061,5119329,5278906,5359295,5723176,357577,365081,378101,393305,399840,442444,879965,18.16904115885103,7.0,88.23529411764706,6.0,90.19607843137256,757115,15.245785341742678,8.0,86.27450980392157,5.0,92.15686274509804,603847,11.79543256547879,8.0,86.27450980392157,6.0,90.19607843137256,444270,8.415948304440345,7.0,88.23529411764706,7.0,88.23529411764706,363881,6.789717677418383,8.0,86.27450980392157,7.0,88.23529411764706,84867,23.733909060146495,7.0,88.23529411764706,3.0,96.07843137254902,77363,21.190639885395292,8.0,86.27450980392157,2.0,98.0392156862745,64343,17.017410691852184,8.0,86.27450980392157,3.0,96.07843137254902,49139,12.493866083573813,10.0,82.35294117647058,4.0,94.11764705882352,42604,10.655262104841935,9.0,84.31372549019608,5.0,92.15686274509804
Connecticut,09,3494487,3558172,3583561,3593222,3588570,3605330,200793,209674,217169,220359,220316,221715,110843,3.1719391143821607,39.0,25.49019607843137,45.0,13.725490196078432,47158,1.325343462879247,43.0,17.647058823529413,48.0,7.8431372549019605,21769,0.6074683813112047,45.0,13.725490196078432,48.0,7.8431372549019605,12108,0.33696776876017687,46.0,11.76470588235294,47.0,9.803921568627452,16760,0.46703840248343287,44.0,15.686274509803921,45.0,13.725490196078432,20922,10.419685945227176,23.0,56.86274509803921,18.0,66.66666666666666,12041,5.742724419813605,29.0,45.09803921568628,33.0,37.254901960784316,4546,2.093300609202964,37.0,29.411764705882355,38.0,27.450980392156865,1356,0.6153594815732522,40.0,23.52941176470588,41.0,21.568627450980394,1399,0.6349970043029174,37.0,29.411764705882355,37.0,29.411764705882355
Delaware,10,863832,890856,908446,926454,934695,981892,58940,58097,58878,62079,63805,64150,118060,13.667009325887447,38.0,27.450980392156865,12.0,78.43137254901961,91036,10.218935495747905,38.0,27.450980392156865,14.0,74.50980392156863,73446,8.084795353824003,36.0,31.372549019607842,14.0,74.50980392156863,55438,5.983891267132524,33.0,37.254901960784316,14.0,74.50980392156863,47197,5.0494546349343805,33.0,37.254901960784316,14.0,74.50980392156863,5210,8.839497794367146,40.0,23.52941176470588,26.0,50.98039215686274,6053,10.418782381190073,37.0,29.411764705882355,21.0,60.78431372549019,5272,8.95410849553313,33.0,37.254901960784316,20.0,62.745098039215684,2071,3.3360717795067663,38.0,27.450980392156865,28.0,47.05882352941176,345,0.540709975707232,39.0,25.49019607843137,38.0,27.450980392156865
District of Columbia,11,588433,593955,619371,647484,659009,683154,55826,65936,72590,77208,78124,77357,94721,16.097159744609833,40.0,23.52941176470588,9.0,84.31372549019608,89199,15.017804379119637,39.0,25.49019607843137,6.0,90.19607843137256,63783,10.298028160827677,39.0,25.49019607843137,9.0,84.31372549019608,35670,5.5090164390162455,41.0,21.568627450980394,16.0,70.58823529411765,24145,3.663834636552754,43.0,17.647058823529413,20.0,62.745098039215684,21531,38.56805072905098,21.0,60.78431372549019,1.0,100.0,11421,17.321341907304056,31.0,41.17647058823529,5.0,92.15686274509804,4767,6.567020250723243,36.0,31.372549019607842,27.0,49.01960784313725,149,0.19298518288259903,44.0,15.686274509803921,44.0,15.686274509803921,-767,-0.9817725666888544,44.0,15.686274509803921,45.0,13.725490196078432
Florida,12,18222420,18688787,19091156,19645772,19934451,21339762,1182912,1173714,1206158,1263844,1299180,1370531,3117342,17.1071789586674,3.0,96.07843137254902,8.0,86.27450980392157,2650975,14.18484249405807,2.0,98.0392156862745,9.0,84.31372549019608,2248606,11.778260048789079,2.0,98.0392156862745,7.0,88.23529411764706,1693990,8.622669549458273,2.0,98.0392156862745,6.0,90.19607843137256,1405311,7.049659907865036,2.0,98.0392156862745,6.0,90.19607843137256,187619,15.860774089704055,3.0,96.07843137254902,9.0,84.31372549019608,196817,16.76873582491134,3.0,96.07843137254902,6.0,90.19607843137256,164373,13.627816587876552,3.0,96.07843137254902,8.0,86.27450980392157,106687,8.441469042065307,3.0,96.07843137254902,14.0,74.50980392156863,71351,5.4920026478240125,3.0,96.07843137254902,18.0,66.66666666666666
Georgia,13,9497667,9600612,9810417,10006693,10099320,10625615,688762,672186,673866,686000,694026,743331,1127948,11.87605335078603,6.0,90.19607843137256,17.0,68.62745098039215,1025003,10.67643396066833,4.0,94.11764705882352,12.0,78.43137254901961,815198,8.30951426427644,4.0,94.11764705882352,13.0,76.47058823529412,618922,6.1850803257379905,5.0,92.15686274509804,13.0,76.47058823529412,526295,5.211192436718504,5.0,92.15686274509804,10.0,82.35294117647058,54569,7.922765773953855,10.0,82.35294117647058,29.0,45.09803921568628,71145,10.584124037096876,9.0,84.31372549019608,20.0,62.745098039215684,69465,10.308429272288567,7.0,88.23529411764706,17.0,68.62745098039215,57331,8.357288629737614,7.0,88.23529411764706,15.0,72.54901960784314,49305,7.104200707178121,6.0,90.19607843137256,12.0,78.43137254901961
Hawaii,15,1280241,1346554,1376298,1406299,1413673,1453498,97204,97569,101636,106733,103651,101516,173257,13.533155085644033,32.0,39.21568627450981,13.0,76.47058823529412,106944,7.942050597302441,34.0,35.294117647058826,20.0,62.745098039215684,77200,5.609250322241266,35.0,33.33333333333333,23.0,56.86274509803921,47199,3.3562563864441453,37.0,29.411764705882355,28.0,47.05882352941176,39825,2.8171295624942916,35.0,33.33333333333333,28.0,47.05882352941176,4312,4.436031439035437,42.0,19.607843137254903,38.0,27.450980392156865,3947,4.045342270598251,40.0,23.52941176470588,37.0,29.411764705882355,-120,-0.1180684009602917,47.0,9.803921568627452,47.0,9.803921568627452,-5217,-4.8878978385316625,48.0,7.8431372549019605,50.0,3.9215686274509802,-2135,-2.0597968181686577,47.0,9.803921568627452,48.0,7.8431372549019605
Idaho,16,1492573,1549987,1583364,1616547,1635483,1811617,105069,105513,105906,106075,106974,118378,319044,21.375436913303414,24.0,54.90196078431373,2.0,98.0392156862745,261630,16.87949640867956,22.0,58.82352941176471,2.0,98.0392156862745,228253,14.415699738026122,22.0,58.82352941176471,2.0,98.0392156862745,195070,12.067078779645746,20.0,62.745098039215684,1.0,100.0,176134,10.769540252023413,22.0,58.82352941176471,1.0,100.0,13309,12.66691412310006,32.0,39.21568627450981,13.0,76.47058823529412,12865,12.192810364599627,26.0,50.98039215686274,15.0,72.54901960784314,12472,11.776481030347675,24.0,54.90196078431373,12.0,78.43137254901961,12303,11.598397360358238,23.0,56.86274509803921,6.0,90.19607843137256,11404,10.660534335446004,22.0,58.82352941176471,4.0,94.11764705882352
Illinois,17,12785043,12790182,12848554,12873761,12851684,12821813,901737,905571,900353,890419,892005,880487,36770,0.2876016920709601,47.0,9.803921568627452,49.0,5.88235294117647,31631,0.24730687960499154,46.0,11.76470588235294,50.0,3.9215686274509802,-26741,-0.20812458740493422,50.0,3.9215686274509802,49.0,5.88235294117647,-51948,-0.4035184434447725,51.0,1.9607843137254901,48.0,7.8431372549019605,-29871,-0.2324286840541645,50.0,3.9215686274509802,48.0,7.8431372549019605,-21250,-2.3565629446279823,51.0,1.9607843137254901,49.0,5.88235294117647,-25084,-2.7699650275903265,51.0,1.9607843137254901,50.0,3.9215686274509802,-19866,-2.2064679075873617,51.0,1.9607843137254901,48.0,7.8431372549019605,-9932,-1.1154299268097412,50.0,3.9215686274509802,45.0,13.725490196078432,-11518,-1.2912483674418884,50.0,3.9215686274509802,46.0,11.76470588235294
Indiana,18,6342469,6454254,6514861,6568645,6589578,6751340,425664,419836,416258,418908,424322,449725,408871,6.4465589031653225,21.0,60.78431372549019,33.0,37.254901960784316,297086,4.602948690894415,21.0,60.78431372549019,31.0,41.17647058823529,236479,3.62983953149576,21.0,60.78431372549019,32.0,39.21568627450981,182695,2.78131943498241,23.0,56.86274509803921,29.0,45.09803921568628,161762,2.4548157712072083,23.0,56.86274509803921,30.0,43.13725490196079,24061,5.652580439031718,19.0,64.70588235294117,35.0,33.33333333333333,29889,7.119208452824433,19.0,64.70588235294117,29.0,45.09803921568628,33467,8.03996559825877,15.0,72.54901960784314,22.0,58.82352941176471,30817,7.35650787285036,12.0,78.43137254901961,18.0,66.66666666666666,25403,5.986727061052699,13.0,76.47058823529412,15.0,72.54901960784314
Iowa,19,2978880,3032266,3062553,3093526,3106589,3179090,183874,193926,195306,191732,192086,200150,200210,6.72098238264045,30.0,43.13725490196079,32.0,39.21568627450981,146824,4.842055413344348,30.0,43.13725490196079,30.0,43.13725490196079,116537,3.8052239422468714,30.0,43.13725490196079,31.0,41.17647058823529,85564,2.765905313225092,30.0,43.13725490196079,30.0,43.13725490196079,72501,2.333781520503675,30.0,43.13725490196079,31.0,41.17647058823529,16276,8.8517136734938,27.0,49.01960784313725,25.0,52.94117647058824,6224,3.20947165413612,36.0,31.372549019607842,40.0,23.52941176470588,4844,2.480210541406813,34.0,35.294117647058826,37.0,29.411764705882355,8418,4.390503411011193,26.0,50.98039215686274,27.0,49.01960784313725,8064,4.19811959226597,24.0,54.90196078431373,22.0,58.82352941176471
Kansas,20,2777835,2830985,2868107,2892987,2898292,2932099,187737,193599,195863,193224,191002,190527,154264,5.553389600174241,34.0,35.294117647058826,37.0,29.411764705882355,101114,3.5716897122379576,36.0,31.372549019607842,40.0,23.52941176470588,63992,2.2311580425695476,38.0,27.450980392156865,39.0,25.49019607843137,39112,1.3519590651461577,38.0,27.450980392156865,43.0,17.647058823529413,33807,1.166445616935774,39.0,25.49019607843137,44.0,15.686274509803921,2790,1.4861215423704444,44.0,15.686274509803921,45.0,13.725490196078432,-3072,-1.5867850557079288,50.0,3.9215686274509802,49.0,5.88235294117647,-5336,-2.724353246912381,49.0,5.88235294117647,49.0,5.88235294117647,-2697,-1.395789342938769,46.0,11.76470588235294,47.0,9.803921568627452,-475,-0.2486884954084223,42.0,19.607843137254903,43.0,17.647058823529413
Kentucky,21,4252000,4316040,4361333,4397353,4411989,4494141,292273,284253,280656,280666,283384,299736,242141,5.694755409219199,28.0,47.05882352941176,35.0,33.33333333333333,178101,4.126490950037542,28.0,47.05882352941176,34.0,35.294117647058826,132808,3.0451240480834585,29.0,45.09803921568628,34.0,35.294117647058826,96788,2.201051405243115,28.0,47.05882352941176,36.0,31.372549019607842,82152,1.8620173350386793,27.0,49.01960784313725,37.0,29.411764705882355,7463,2.553434631320717,38.0,27.450980392156865,44.0,15.686274509803921,15483,5.4469082120505385,24.0,54.90196078431373,34.0,35.294117647058826,19080,6.79835813237557,22.0,58.82352941176471,26.0,50.98039215686274,19070,6.794552956182787,18.0,66.66666666666666,20.0,62.745098039215684,16352,5.770262258984271,16.0,70.58823529411765,16.0,70.58823529411765
Louisiana,22,4411546,4484596,4567968,4625253,4645670,4657305,313760,324622,333136,336300,339609,324051,245759,5.570813497127758,27.0,49.01960784313725,36.0,31.372549019607842,172709,3.851160728859404,29.0,45.09803921568628,36.0,31.372549019607842,89337,1.9557273606119807,32.0,39.21568627450981,42.0,19.607843137254903,32052,0.6929783084298258,42.0,19.607843137254903,45.0,13.725490196078432,11635,0.25044826688076505,46.0,11.76470588235294,46.0,11.76470588235294,10291,3.279895461499227,34.0,35.294117647058826,42.0,19.607843137254903,-571,-0.17589688930510494,46.0,11.76470588235294,46.0,11.76470588235294,-9085,-2.7271144517554413,50.0,3.9215686274509802,50.0,3.9215686274509802,-12249,-3.6422836752899146,51.0,1.9607843137254901,49.0,5.88235294117647,-15558,-4.581150676218826,51.0,1.9607843137254901,50.0,3.9215686274509802
Maine,23,1316380,1328543,1328320,1329100,1329923,1357046,74793,72555,73767,76038,77230,79663,40666,3.0892295537762626,46.0,11.76470588235294,46.0,11.76470588235294,28503,2.1454330044266445,47.0,9.803921568627452,45.0,13.725490196078432,28726,2.1625813057094767,44.0,15.686274509803921,41.0,21.568627450980394,27946,2.102625837032579,43.0,17.647058823529413,37.0,29.411764705882355,27123,2.0394413811927414,41.0,21.568627450980394,34.0,35.294117647058826,4870,6.51130453384674,41.0,21.568627450980394,32.0,39.21568627450981,7108,9.79670594721247,34.0,35.294117647058826,22.0,58.82352941176471,5896,7.992733878292468,31.0,41.17647058823529,23.0,56.86274509803921,3625,4.767353165522503,34.0,35.294117647058826,25.0,52.94117647058824,2433,3.150330182571537,34.0,35.294117647058826,27.0,49.01960784313725
Maryland,24,5637418,5736545,5834299,5930538,5959902,6148545,379679,388674,401361,412499,414765,406858,511127,9.066686202797092,16.0,70.58823529411765,25.0,52.94117647058824,412000,7.182023325886933,16.0,70.58823529411765,24.0,54.90196078431373,314246,5.386182641650694,19.0,64.70588235294117,24.0,54.90196078431373,218007,3.6760071345972367,19.0,64.70588235294117,24.0,54.90196078431373,188643,3.1652030519965013,19.0,64.70588235294117,27.0,49.01960784313725,27179,7.1584153982706455,17.0,68.62745098039215,30.0,43.13725490196079,18184,4.678470903636467,23.0,56.86274509803921,35.0,33.33333333333333,5497,1.369589970126639,32.0,39.21568627450981,39.0,25.49019607843137,-5641,-1.367518466711437,49.0,5.88235294117647,46.0,11.76470588235294,-7907,-1.9063807216134432,49.0,5.88235294117647,47.0,9.803921568627452
Massachusetts,25,6511176,6512227,6605058,6705586,6742143,6991852,424525,435296,454992,472825,479313,498204,480676,7.382322333169933,18.0,66.66666666666666,29.0,45.09803921568628,479625,7.364992037286178,15.0,72.54901960784314,23.0,56.86274509803921,386794,5.856027305134948,15.0,72.54901960784314,22.0,58.82352941176471,286266,4.269067610198429,15.0,72.54901960784314,21.0,60.78431372549019,249709,3.703703703703698,14.0,74.50980392156863,19.0,64.70588235294117,73679,17.355632766032624,9.0,84.31372549019608,5.0,92.15686274509804,62908,14.45177534367419,12.0,78.43137254901961,10.0,82.35294117647058,43212,9.49730984281043,14.0,74.50980392156863,19.0,64.70588235294117,25379,5.367524982816052,15.0,72.54901960784314,23.0,56.86274509803921,18891,3.9412659368721403,15.0,72.54901960784314,24.0,54.90196078431373
Michigan,26,10039208,9920621,9886095,9900571,9909600,10062512,624524,597326,590104,601619,616955,676297,23304,0.23212986522442858,49.0,5.88235294117647,50.0,3.9215686274509802,141891,1.4302632869454435,31.0,41.17647058823529,47.0,9.803921568627452,176417,1.784496305163974,25.0,52.94117647058824,46.0,11.76470588235294,161941,1.6356733364166542,25.0,52.94117647058824,39.0,25.49019607843137,152912,1.5430693468959422,25.0,52.94117647058824,39.0,25.49019607843137,51773,8.289993659170825,12.0,78.43137254901961,27.0,49.01960784313725,78971,13.220753826218857,7.0,88.23529411764706,13.0,76.47058823529412,86193,14.606408361915868,4.0,94.11764705882352,5.0,92.15686274509804,74678,12.412839355140036,4.0,94.11764705882352,5.0,92.15686274509804,59342,9.618529714484847,4.0,94.11764705882352,7.0,88.23529411764706
Minnesota,27,5188581,5278190,5347740,5419171,5450868,5670472,352745,367793,368751,366464,365491,371245,481891,9.287529673334571,17.0,68.62745098039215,24.0,54.90196078431373,392282,7.432131090392735,18.0,66.66666666666666,22.0,58.82352941176471,322732,6.034923163803785,18.0,66.66666666666666,19.0,64.70588235294117,251301,4.637259093687951,18.0,66.66666666666666,18.0,66.66666666666666,219604,4.028789543243394,18.0,66.66666666666666,17.0,68.62745098039215,18500,5.2445817800394146,25.0,52.94117647058824,36.0,31.372549019607842,3452,0.9385714246872512,41.0,21.568627450980394,45.0,13.725490196078432,2494,0.6763371489162173,39.0,25.49019607843137,44.0,15.686274509803921,4781,1.3046301955990325,31.0,41.17647058823529,36.0,31.372549019607842,5754,1.5743205715051722,27.0,49.01960784313725,32.0,39.21568627450981
Mississippi,28,2922240,2956700,2976872,2988081,2989192,2967023,201989,196677,195041,194050,196303,195971,44783,1.532488775733687,45.0,13.725490196078432,48.0,7.8431372549019605,10323,0.3491392430750473,50.0,3.9215686274509802,49.0,5.88235294117647,-9849,-0.33085063785073254,49.0,5.88235294117647,50.0,3.9215686274509802,-21058,-0.7047332384898519,49.0,5.88235294117647,50.0,3.9215686274509802,-22169,-0.7416385431247008,49.0,5.88235294117647,49.0,5.88235294117647,-6018,-2.979370163721784,50.0,3.9215686274509802,50.0,3.9215686274509802,-706,-0.3589641900171303,47.0,9.803921568627452,47.0,9.803921568627452,930,0.476822821868228,43.0,17.647058823529413,45.0,13.725490196078432,1921,0.9899510435454673,39.0,25.49019607843137,38.0,27.450980392156865,-332,-0.16912629964901393,41.0,21.568627450980394,42.0,19.607843137254903
Missouri,29,5904382,5955802,6007182,6045448,6059651,6141534,397226,398897,400744,400645,402334,411737,237152,4.016542290116054,29.0,45.09803921568628,40.0,23.52941176470588,185732,3.118505282747819,27.0,49.01960784313725,42.0,19.607843137254903,134352,2.2365228821101146,28.0,47.05882352941176,38.0,27.450980392156865,96086,1.5893942020508645,29.0,45.09803921568628,41.0,21.568627450980394,81883,1.3512824418435931,28.0,47.05882352941176,41.0,21.568627450980394,14511,3.6530841385004953,31.0,41.17647058823529,40.0,23.52941176470588,12840,3.218876050709829,27.0,49.01960784313725,39.0,25.49019607843137,10993,2.74314774519393,25.0,52.94117647058824,35.0,33.33333333333333,11092,2.768535736125499,24.0,54.90196078431373,30.0,43.13725490196079,9403,2.337112945960329,23.0,56.86274509803921,31.0,41.17647058823529
Montana,30,956257,982854,998554,1014699,1023391,1077978,60432,62006,62843,63105,63703,70213,121721,12.728900285174394,37.0,29.411764705882355,15.0,72.54901960784314,95124,9.678344901684287,37.0,29.411764705882355,16.0,70.58823529411765,79424,7.953901341339575,34.0,35.294117647058826,15.0,72.54901960784314,63279,6.236233602280095,32.0,39.21568627450981,12.0,78.43137254901961,54587,5.333933950953251,32.0,39.21568627450981,9.0,84.31372549019608,9781,16.185133703997877,35.0,33.33333333333333,7.0,88.23529411764706,8207,13.235815888784952,33.0,37.254901960784316,12.0,78.43137254901961,7370,11.72763871871172,30.0,43.13725490196079,13.0,76.47058823529412,7108,11.2637667379764,28.0,47.05882352941176,7.0,88.23529411764706,6510,10.219298934116129,25.0,52.94117647058824,6.0,90.19607843137256
Nebraska,31,1772124,1813061,1841625,1869365,1881259,1951480,118129,124802,127132,125305,123743,127489,179356,10.120962190004757,31.0,41.17647058823529,21.0,60.78431372549019,138419,7.634547320801666,32.0,39.21568627450981,21.0,60.78431372549019,109855,5.965112332858213,31.0,41.17647058823529,20.0,62.745098039215684,82115,4.392668098525432,31.0,41.17647058823529,20.0,62.745098039215684,70221,3.7326598836204816,31.0,41.17647058823529,18.0,66.66666666666666,9360,7.923541213419227,36.0,31.372549019607842,28.0,47.05882352941176,2687,2.1530103684235913,44.0,15.686274509803921,43.0,17.647058823529413,357,0.28081049617720844,46.0,11.76470588235294,46.0,11.76470588235294,2184,1.742947208810497,37.0,29.411764705882355,35.0,33.33333333333333,3746,3.027241944998904,30.0,43.13725490196079,28.0,47.05882352941176
Nevada,32,2545763,2673396,2730066,2798636,2839172,3059238,195235,197259,196387,201339,205412,220773,513475,20.169787996761677,15.0,72.54901960784314,5.0,92.15686274509804,385842,14.432654197133532,19.0,64.70588235294117,8.0,86.27450980392157,329172,12.057290922637032,17.0,68.62745098039215,5.0,92.15686274509804,260602,9.311750438427868,17.0,68.62745098039215,3.0,96.07843137254902,220066,7.75106263375378,17.0,68.62745098039215,3.0,96.07843137254902,25538,13.080646400491712,18.0,66.66666666666666,12.0,78.43137254901961,23514,11.920368652380887,20.0,62.745098039215684,16.0,70.58823529411765,24386,12.417318865301684,20.0,62.745098039215684,10.0,82.35294117647058,19434,9.65237733375055,17.0,68.62745098039215,11.0,80.3921568627451,15361,7.478141491246859,17.0,68.62745098039215,11.0,80.3921568627451
New Hampshire,33,1315419,1315911,1319171,1324201,1327503,1372175,73684,72175,74442,77043,78652,85052,56756,4.314670838721346,42.0,19.607843137254903,39.0,25.49019607843137,56264,4.275669099202006,42.0,19.607843137254903,32.0,39.21568627450981,53004,4.01797795736869,41.0,21.568627450980394,29.0,45.09803921568628,47974,3.622863900570983,36.0,31.372549019607842,26.0,50.98039215686274,44672,3.365114805766911,34.0,35.294117647058826,24.0,54.90196078431373,11368,15.428044080125947,33.0,37.254901960784316,10.0,82.35294117647058,12877,17.841357810876346,25.0,52.94117647058824,4.0,94.11764705882352,10610,14.252706805298088,26.0,50.98039215686274,6.0,90.19607843137256,8009,10.395493425749258,27.0,49.01960784313725,9.0,84.31372549019608,6400,8.137110308701612,26.0,50.98039215686274,9.0,84.31372549019608
New Jersey,34,8650548,8753064,8832406,8904413,8915456,9234024,546805,550527,558684,566473,569779,584584,583476,6.744959972478037,13.0,76.47058823529412,31.0,41.17647058823529,480960,5.494761605764564,14.0,74.50980392156863,27.0,49.01960784313725,401618,4.547096227234126,13.0,76.47058823529412,26.0,50.98039215686274,329611,3.701658941470942,11.0,80.3921568627451,23.0,56.86274509803921,318568,3.5732103887899935,10.0,82.35294117647058,22.0,58.82352941176471,37779,6.909044357677785,14.0,74.50980392156863,31.0,41.17647058823529,34057,6.186254261825486,16.0,70.58823529411765,32.0,39.21568627450981,25900,4.635894351726555,18.0,66.66666666666666,30.0,43.13725490196079,18111,3.1971514970704717,20.0,62.745098039215684,29.0,45.09803921568628,14805,2.5983758615182317,18.0,66.66666666666666,29.0,45.09803921568628
New Mexico,35,1964860,2037136,2069706,2084117,2082669,2109366,140717,138074,140228,140875,140182,141297,144506,7.3545188970206565,35.0,33.33333333333333,30.0,43.13725490196079,72230,3.5456641088272844,41.0,21.568627450980394,41.0,21.568627450980394,39660,1.9162141869424998,43.0,17.647058823529413,43.0,17.647058823529413,25249,1.2114962835579668,44.0,15.686274509803921,44.0,15.686274509803921,26697,1.281864761035001,42.0,19.607843137254903,42.0,19.607843137254903,580,0.4121747905370343,46.0,11.76470588235294,47.0,9.803921568627452,3223,2.334255544128516,42.0,19.607843137254903,41.0,21.568627450980394,1069,0.7623299198448175,42.0,19.607843137254903,43.0,17.647058823529413,422,0.2995563442768301,42.0,19.607843137254903,43.0,17.647058823529413,1115,0.7953945585025268,38.0,27.450980392156865,36.0,31.372549019607842
New York,36,19423896,19302448,19487053,19673174,19697457,20114745,1338556,1369432,1406359,1450354,1466428,1465454,690849,3.5566963496921566,11.0,80.3921568627451,42.0,19.607843137254903,812297,4.208258973162371,7.0,88.23529411764706,33.0,37.254901960784316,627692,3.221071959931554,7.0,88.23529411764706,33.0,37.254901960784316,441571,2.2445335968664715,8.0,86.27450980392157,35.0,33.33333333333333,417288,2.1184866655629797,7.0,88.23529411764706,32.0,39.21568627450981,126898,9.480215993951703,4.0,94.11764705882352,23.0,56.86274509803921,96022,7.011812196589529,5.0,92.15686274509804,30.0,43.13725490196079,59095,4.201985410553077,11.0,80.3921568627451,31.0,41.17647058823529,15100,1.0411251322091086,22.0,58.82352941176471,37.0,29.411764705882355,-974,-0.06641989923814595,45.0,13.725490196078432,41.0,21.568627450980394
North Carolina,37,9045705,9418736,9651380,9845333,9940828,10367022,603963,613676,626115,642302,654782,701087,1321317,14.607120174712751,4.0,94.11764705882352,11.0,80.3921568627451,948286,10.06808132216468,6.0,90.19607843137256,15.0,72.54901960784314,715642,7.414918902789025,6.0,90.19607843137256,16.0,70.58823529411765,521689,5.298845656109341,6.0,90.19607843137256,17.0,68.62745098039215,426194,4.28730886401012,6.0,90.19607843137256,16.0,70.58823529411765,97124,16.081117551903024,6.0,90.19607843137256,8.0,86.27450980392157,87411,14.243835509291557,6.0,90.19607843137256,11.0,80.3921568627451,74972,11.97415810194613,6.0,90.19607843137256,11.0,80.3921568627451,58785,9.152236798266244,6.0,90.19607843137256,12.0,78.43137254901961,46305,7.071819323072415,8.0,86.27450980392157,13.0,76.47058823529412
North Dakota,38,639725,666783,689781,721640,736162,773344,43057,46526,50271,54145,56500,58846,133619,20.88694360858181,36.0,31.372549019607842,4.0,94.11764705882352,106561,15.981361252461435,35.0,33.33333333333333,4.0,94.11764705882352,83563,12.11442472320925,33.0,37.254901960784316,4.0,94.11764705882352,51704,7.1647913086857695,34.0,35.294117647058826,8.0,86.27450980392157,37182,5.050790451014864,38.0,27.450980392156865,13.0,76.47058823529412,15789,36.66999558724482,28.0,47.05882352941176,2.0,98.0392156862745,12320,26.47981773631947,28.0,47.05882352941176,1.0,100.0,8575,17.05754808935569,28.0,47.05882352941176,2.0,98.0392156862745,4701,8.682242127620277,32.0,39.21568627450981,13.0,76.47058823529412,2346,4.152212389380527,35.0,33.33333333333333,23.0,56.86274509803921
Ohio,39,11511858,11525536,11549590,11575977,11586941,11769923,763045,732200,723997,737121,749745,785985,258065,2.2417319602100694,26.0,50.98039215686274,47.0,9.803921568627452,244387,2.1203959624958024,24.0,54.90196078431373,46.0,11.76470588235294,220333,1.9077127413180905,23.0,56.86274509803921,44.0,15.686274509803921,193946,1.675417979838767,21.0,60.78431372549019,38.0,27.450980392156865,182982,1.5792088697094364,21.0,60.78431372549019,38.0,27.450980392156865,22940,3.006375770760572,20.0,62.745098039215684,43.0,17.647058823529413,53785,7.345670581808239,13.0,76.47058823529412,27.0,49.01960784313725,61988,8.561913930582588,10.0,82.35294117647058,21.0,60.78431372549019,48864,6.629033767861725,11.0,80.3921568627451,21.0,60.78431372549019,36240,4.833643438769175,11.0,80.3921568627451,20.0,62.745098039215684
Oklahoma,40,3610073,3714520,3785742,3849733,3875589,3948136,255983,259579,263833,266183,267980,271230,338063,9.364436674826248,23.0,56.86274509803921,23.0,56.86274509803921,233616,6.289264830987573,25.0,52.94117647058824,26.0,50.98039215686274,162394,4.289621426922374,27.0,49.01960784313725,27.0,49.01960784313725,98403,2.556099345071461,27.0,49.01960784313725,32.0,39.21568627450981,72547,1.8718961169515103,29.0,45.09803921568628,36.0,31.372549019607842,15247,5.95625490755245,29.0,45.09803921568628,34.0,35.294117647058826,11651,4.488421636573059,30.0,43.13725490196079,36.0,31.372549019607842,7397,2.803667471468696,29.0,45.09803921568628,34.0,35.294117647058826,5047,1.896063986054708,30.0,43.13725490196079,34.0,35.294117647058826,3250,1.2127770729158938,32.0,39.21568627450981,34.0,35.294117647058826
Oregon,41,3727407,3801991,3868721,3939233,3982267,4207177,258622,262283,263150,265780,271916,292849,479770,12.871414363926448,19.0,64.70588235294117,14.0,74.50980392156863,405186,10.657205658824553,17.0,68.62745098039215,13.0,76.47058823529412,338456,8.74852438312299,16.0,70.58823529411765,11.0,80.3921568627451,267944,6.801933269750737,16.0,70.58823529411765,9.0,84.31372549019608,224910,5.6477880564010485,16.0,70.58823529411765,8.0,86.27450980392157,34227,13.234372945843731,16.0,70.58823529411765,11.0,80.3921568627451,30566,11.653824304282011,18.0,66.66666666666666,17.0,68.62745098039215,29699,11.28595857875736,17.0,68.62745098039215,15.0,72.54901960784314,27069,10.184739258032959,14.0,74.50980392156863,10.0,82.35294117647058,20933,7.698333308815952,14.0,74.50980392156863,10.0,82.35294117647058
Pennsylvania,42,12516596,12660739,12731381,12779559,12783977,12970650,772223,778008,800231,830440,845266,848804,454054,3.627615687204422,20.0,62.745098039215684,41.0,21.568627450980394,309911,2.4478113007463387,20.0,62.745098039215684,44.0,15.686274509803921,239269,1.8793640689882762,20.0,62.745098039215684,45.0,13.725490196078432,191091,1.4952863396929361,22.0,58.82352941176471,42.0,19.607843137254903,186673,1.4602106996907116,20.0,62.745098039215684,40.0,23.52941176470588,76581,9.916954040477943,8.0,86.27450980392157,20.0,62.745098039215684,70796,9.099649360932016,10.0,82.35294117647058,25.0,52.94117647058824,48573,6.069872324366332,13.0,76.47058823529412,29.0,45.09803921568628,18364,2.211357834401051,19.0,64.70588235294117,33.0,37.254901960784316,3538,0.4185664631015662,31.0,41.17647058823529,40.0,23.52941176470588
Rhode Island,44,1057381,1053959,1051695,1053661,1054491,1091949,68104,66446,66964,70668,72153,76226,34568,3.269209490240499,48.0,7.8431372549019605,44.0,15.686274509803921,37990,3.6045045395503905,44.0,15.686274509803921,39.0,25.49019607843137,40254,3.82753554975539,42.0,19.607843137254903,30.0,43.13725490196079,38288,3.633806319110233,40.0,23.52941176470588,25.0,52.94117647058824,37458,3.5522351542118358,37.0,29.411764705882355,23.0,56.86274509803921,8122,11.925878068835893,37.0,29.411764705882355,15.0,72.54901960784314,9780,14.718718959756805,32.0,39.21568627450981,8.0,86.27450980392157,9262,13.83131234693269,27.0,49.01960784313725,7.0,88.23529411764706,5558,7.864945944416135,29.0,45.09803921568628,17.0,68.62745098039215,4073,5.644948927972493,29.0,45.09803921568628,17.0,68.62745098039215
South Carolina,45,4416867,4575864,4679602,4777576,4834605,5078903,300373,302121,305167,313255,321077,335728,662036,14.988814469622923,12.0,78.43137254901961,10.0,82.35294117647058,503039,10.99331186416379,13.0,76.47058823529412,11.0,80.3921568627451,399301,8.532798302077826,14.0,74.50980392156863,12.0,78.43137254901961,301327,6.3071105514595605,14.0,74.50980392156863,11.0,80.3921568627451,244298,5.053111888148054,15.0,72.54901960784314,12.0,78.43137254901961,35355,11.770365512213154,15.0,72.54901960784314,16.0,70.58823529411765,33607,11.123688853141612,17.0,68.62745098039215,19.0,64.70588235294117,30561,10.01451664170765,16.0,70.58823529411765,18.0,66.66666666666666,22473,7.1740275494405426,16.0,70.58823529411765,19.0,64.70588235294117,14651,4.56307988426452,19.0,64.70588235294117,21.0,60.78431372549019
South Dakota,46,796513,807697,825198,843190,851058,881785,53504,54451,55721,55888,56026,56276,85272,10.705663309952262,41.0,21.568627450980394,20.0,62.745098039215684,74088,9.172746710709578,40.0,23.52941176470588,17.0,68.62745098039215,56587,6.857384530742916,40.0,23.52941176470588,18.0,66.66666666666666,38595,4.57726016674771,39.0,25.49019607843137,19.0,64.70588235294117,30727,3.6104472315635405,40.0,23.52941176470588,21.0,60.78431372549019,2772,5.180921052631571,45.0,13.725490196078432,37.0,29.411764705882355,1825,3.351637251841111,45.0,13.725490196078432,38.0,27.450980392156865,555,0.9960338113099265,45.0,13.725490196078432,41.0,21.568627450980394,388,0.69424563412539,43.0,17.647058823529413,40.0,23.52941176470588,250,0.4462213972084461,40.0,23.52941176470588,39.0,25.49019607843137
Tennessee,47,6158953,6297991,6402387,6499615,6548009,6859497,428908,419284,418219,425562,435945,482422,700544,11.374400811306717,10.0,82.35294117647058,18.0,66.66666666666666,561506,8.915636748290057,11.0,80.3921568627451,18.0,66.66666666666666,457110,7.139680872149712,11.0,80.3921568627451,17.0,68.62745098039215,359882,5.5369741130820715,10.0,82.35294117647058,15.0,72.54901960784314,311488,4.75698796382229,11.0,80.3921568627451,15.0,72.54901960784314,53514,12.476801551847938,11.0,80.3921568627451,14.0,74.50980392156863,63138,15.05852834832715,11.0,80.3921568627451,7.0,88.23529411764706,64203,15.3515263534177,9.0,84.31372549019608,4.0,94.11764705882352,56860,13.361155366315591,8.0,86.27450980392157,2.0,98.0392156862745,46477,10.661207262384021,7.0,88.23529411764706,3.0,96.07843137254902
Texas,48,23819042,24774187,25639373,26538614,26956435,28862581,1798598,1825016,1872689,1931237,1968759,2091456,5043539,21.174399037543147,1.0,100.0,3.0,96.07843137254902,4088394,16.502636393274983,1.0,100.0,3.0,96.07843137254902,3223208,12.571321459382023,1.0,100.0,3.0,96.07843137254902,2323967,8.75692679353941,1.0,100.0,5.0,92.15686274509804,1906146,7.071209527520983,1.0,100.0,5.0,92.15686274509804,292858,16.282571202681197,1.0,100.0,6.0,90.19607843137256,266440,14.599324060720553,1.0,100.0,9.0,84.31372549019608,218767,11.681971752917853,1.0,100.0,14.0,74.50980392156863,160219,8.296185294710078,1.0,100.0,16.0,70.58823529411765,122697,6.232200081371064,1.0,100.0,14.0,74.50980392156863
Utah,49,2651816,2715379,2813673,2903379,2948427,3231370,224851,226691,221823,215701,216536,246273,579554,21.854985413769292,14.0,74.50980392156863,1.0,100.0,515991,19.00254071346947,12.0,78.43137254901961,1.0,100.0,417697,14.845257426858073,12.0,78.43137254901961,1.0,100.0,327991,11.296871679515498,12.0,78.43137254901961,2.0,98.0392156862745,282943,9.59640513399178,12.0,78.43137254901961,2.0,98.0392156862745,21422,9.527198011127357,22.0,58.82352941176471,22.0,58.82352941176471,19582,8.63819031192239,22.0,58.82352941176471,26.0,50.98039215686274,24450,11.022301564761094,19.0,64.70588235294117,16.0,70.58823529411765,30572,14.17332325765759,13.0,76.47058823529412,1.0,100.0,29737,13.733051317102007,12.0,78.43137254901961,1.0,100.0
Vermont,50,620414,624958,625904,626604,626249,641637,34326,34653,35421,35553,35939,37851,21223,3.4207803176588447,50.0,3.9215686274509802,43.0,17.647058823529413,16679,2.6688193446599673,49.0,5.88235294117647,43.0,17.647058823529413,15733,2.5136442649351887,46.0,11.76470588235294,36.0,31.372549019607842,15033,2.399122891012495,45.0,13.725490196078432,33.0,37.254901960784316,15388,2.4571695922867676,45.0,13.725490196078432,29.0,45.09803921568628,3525,10.26918370914176,43.0,17.647058823529413,19.0,64.70588235294117,3198,9.228638213141727,43.0,17.647058823529413,24.0,54.90196078431373,2430,6.860337088168045,40.0,23.52941176470588,25.0,52.94117647058824,2298,6.463589570500372,36.0,31.372549019607842,22.0,58.82352941176471,1912,5.320125768663564,36.0,31.372549019607842,19.0,64.70588235294117
Virginia,51,7721730,7926192,8100653,8256630,8310301,8582479,537244,550008,569871,583734,580433,586172,860749,11.147100455467873,8.0,86.27450980392157,19.0,64.70588235294117,656287,8.279978582401238,10.0,82.35294117647058,19.0,64.70588235294117,481826,5.947989625033934,10.0,82.35294117647058,21.0,60.78431372549019,325849,3.9465132868979236,13.0,76.47058823529412,22.0,58.82352941176471,272178,3.275188227237491,13.0,76.47058823529412,25.0,52.94117647058824,48928,9.107221299819068,13.0,76.47058823529412,24.0,54.90196078431373,36164,6.575177088333262,15.0,72.54901960784314,31.0,41.17647058823529,16301,2.8604719313669147,23.0,56.86274509803921,33.0,37.254901960784316,2438,0.4176559871448271,35.0,33.33333333333333,42.0,19.607843137254903,5739,0.9887446096276342,28.0,47.05882352941176,35.0,33.33333333333333
Washington,53,6465755,6652845,6819579,6985464,7073146,7617364,469206,476039,488085,505370,514108,572530,1151609,17.81089756726013,5.0,92.15686274509804,7.0,88.23529411764706,964519,14.497842652278848,5.0,92.15686274509804,7.0,88.23529411764706,797785,11.698449420411428,5.0,92.15686274509804,8.0,86.27450980392157,631900,9.04592737146739,4.0,94.11764705882352,4.0,94.11764705882352,544218,7.694143454694702,4.0,94.11764705882352,4.0,94.11764705882352,103324,22.02103127410988,5.0,92.15686274509804,4.0,94.11764705882352,96491,20.269557746319112,4.0,94.11764705882352,3.0,96.07843137254902,84445,17.30128973437004,5.0,92.15686274509804,1.0,100.0,67160,13.289273205770025,5.0,92.15686274509804,3.0,96.07843137254902,58422,11.363760143783018,5.0,92.15686274509804,2.0,98.0392156862745
West Virginia,54,1811403,1846372,1853619,1851420,1846092,1801049,113085,108825,106950,106819,108617,107858,-10354,-0.5716011290695655,51.0,1.9607843137254901,51.0,1.9607843137254901,-45323,-2.4547057689349727,51.0,1.9607843137254901,51.0,1.9607843137254901,-52570,-2.8360736483603155,51.0,1.9607843137254901,51.0,1.9607843137254901,-50371,-2.720668459884845,50.0,3.9215686274509802,51.0,1.9607843137254901,-45043,-2.439910903681941,51.0,1.9607843137254901,51.0,1.9607843137254901,-5227,-4.622186850599109,49.0,5.88235294117647,51.0,1.9607843137254901,-967,-0.8885825867217978,48.0,7.8431372549019605,48.0,7.8431372549019605,908,0.8489948574100126,44.0,15.686274509803921,42.0,19.607843137254903,1039,0.9726734007994731,41.0,21.568627450980394,39.0,25.49019607843137,-759,-0.698785641290034,43.0,17.647058823529413,44.0,15.686274509803921
Wisconsin,55,5599420,5664893,5706871,5742117,5754798,5871661,354685,364805,366189,360182,358287,369922,272241,4.861949987677305,25.0,52.94117647058824,38.0,27.450980392156865,206768,3.6499895055387643,26.0,50.98039215686274,38.0,27.450980392156865,164790,2.887571841031633,26.0,50.98039215686274,35.0,33.33333333333333,129544,2.2560320522901245,26.0,50.98039215686274,34.0,35.294117647058826,116863,2.0307055086903114,26.0,50.98039215686274,35.0,33.33333333333333,15237,4.295924552772168,30.0,43.13725490196079,39.0,25.49019607843137,5117,1.4026671783555544,38.0,27.450980392156865,44.0,15.686274509803921,3733,1.0194189339384874,38.0,27.450980392156865,40.0,23.52941176470588,9740,2.704188438067412,25.0,52.94117647058824,31.0,41.17647058823529,11635,3.247396640123701,21.0,60.78431372549019,26.0,50.98039215686274
Wyoming,56,523949,554697,570134,579679,583029,576641,36914,39837,41032,40809,40683,37324,52692,10.056703992182436,44.0,15.686274509803921,22.0,58.82352941176471,21944,3.95603365440953,48.0,7.8431372549019605,35.0,33.33333333333333,6507,1.1413106392532235,48.0,7.8431372549019605,47.0,9.803921568627452,-3038,-0.5240831563675719,48.0,7.8431372549019605,49.0,5.88235294117647,-6388,-1.0956573343693043,48.0,7.8431372549019605,50.0,3.9215686274509802,410,1.1106897112206804,47.0,9.803921568627452,46.0,11.76470588235294,-2513,-6.308205939202249,49.0,5.88235294117647,51.0,1.9607843137254901,-3708,-9.036849288360305,48.0,7.8431372549019605,51.0,1.9607843137254901,-3485,-8.539782891028935,47.0,9.803921568627452,51.0,1.9607843137254901,-3359,-8.256519922326277,48.0,7.8431372549019605,51.0,1.9607843137254901
