Date,Day,Time,Time Zone,Wind (mph),Vis. (mi.),Weather,Sky Cond.,Air,Dwpt,Max.,Min.,Relative Humidity,Wind Chill (Â°F),Heat Index (Â°F),altimeter (in),sea level (mb),1 hr,3 hr,6 hr,Data Retrieval Date,Obs_Month,Obs_Year,Hour,Station
2024-11-19,19,00:55,EST,Calm,10.0,Fair,CLR,51.8,46.4,,,82%,,,29.95,0.0,,,,2024-11-22,11,2024,0,KOKV
2024-11-19,19,01:55,EST,Calm,10.0,Fair,CLR,50.0,46.4,,,88%,,,29.95,0.0,,,,2024-11-22,11,2024,1,KOKV
2024-11-19,19,02:55,EST,Calm,10.0,Fair,CLR,50.0,46.4,,,88%,,,29.96,0.0,,,,2024-11-22,11,2024,2,KOKV
2024-11-19,19,03:55,EST,Calm,10.0,Fair,CLR,46.4,44.6,,,93%,,,29.96,0.0,,,,2024-11-22,11,2024,3,KOKV
2024-11-19,19,04:55,EST,Calm,7.0,Fair,CLR,44.6,44.6,,,100%,,,29.94,0.0,,,,2024-11-22,11,2024,4,KOKV
2024-11-19,19,05:55,EST,Calm,5.0,Fair,CLR,44.6,44.6,,,100%,,,29.95,0.0,,,,2024-11-22,11,2024,5,KOKV
2024-11-19,19,06:55,EST,Calm,4.0,Fair,CLR,44.6,44.6,,,100%,,,29.96,0.0,,,,2024-11-22,11,2024,6,KOKV
2024-11-19,19,07:55,EST,Calm,5.0,Fair,CLR,46.4,46.4,,,100%,,,29.97,0.0,,,,2024-11-22,11,2024,7,KOKV
2024-11-19,19,08:55,EST,Calm,10.0,Fair,CLR,51.8,44.6,,,77%,,,29.97,0.0,,,,2024-11-22,11,2024,8,KOKV
2024-11-19,19,09:55,EST,E  3,10.0,Fair,CLR,51.8,42.8,,,72%,,,29.97,0.0,,,,2024-11-22,11,2024,9,KOKV
2024-11-19,19,10:55,EST,Calm,10.0,Fair,CLR,53.6,42.8,,,67%,,,29.97,0.0,,,,2024-11-22,11,2024,10,KOKV
2024-11-19,19,11:55,EST,SE  6,10.0,Fair,CLR,53.6,41.0,,,63%,,,29.92,0.0,,,,2024-11-22,11,2024,11,KOKV
2024-11-19,19,12:55,EST,SE  3,10.0,Fair,CLR,55.4,42.8,,,63%,,,29.9,0.0,,,,2024-11-22,11,2024,12,KOKV
2024-11-19,19,13:55,EST,Calm,10.0,Mostly Cloudy,BKN110,55.4,42.8,,,63%,,,29.85,0.0,,,,2024-11-22,11,2024,13,KOKV
2024-11-19,19,14:55,EST,E  3,10.0,Mostly Cloudy,BKN120,55.4,42.8,,,63%,,,29.84,0.0,,,,2024-11-22,11,2024,14,KOKV
2024-11-19,19,15:55,EST,E  3,10.0,Partly Cloudy,SCT110,55.4,42.8,,,63%,,,29.83,0.0,,,,2024-11-22,11,2024,15,KOKV
2024-11-19,19,16:55,EST,Calm,10.0,Overcast,OVC110,53.6,42.8,,,67%,,,29.83,0.0,,,,2024-11-22,11,2024,16,KOKV
2024-11-19,19,17:55,EST,Calm,10.0,Overcast,OVC080,51.8,42.8,,,72%,,,29.83,0.0,,,,2024-11-22,11,2024,17,KOKV
2024-11-19,19,18:55,EST,Calm,10.0,Overcast,OVC070,51.8,44.6,,,77%,,,29.84,0.0,,,,2024-11-22,11,2024,18,KOKV
2024-11-19,19,19:35,EST,Calm,10.0,Overcast,OVC070,51.8,46.4,,,82%,,,29.84,0.0,,,,2024-11-22,11,2024,19,KOKV
2024-11-19,19,20:55,EST,Calm,10.0,Overcast,OVC050,50.0,48.2,,,94%,,,29.83,0.0,,,,2024-11-22,11,2024,20,KOKV
2024-11-19,19,21:55,EST,N  3,10.0,Overcast,OVC044,50.0,46.4,,,88%,,,29.83,0.0,,,,2024-11-22,11,2024,21,KOKV
2024-11-19,19,22:55,EST,N  3,10.0,Overcast,OVC046,50.0,46.4,,,88%,,,29.82,0.0,,,,2024-11-22,11,2024,22,KOKV
2024-11-19,19,23:55,EST,Calm,10.0,Overcast,OVC038,50.0,44.6,,,82%,,,29.82,0.0,,,,2024-11-22,11,2024,23,KOKV
2024-11-20,20,00:55,EST,Calm,10.0,Overcast,OVC030,50.0,44.6,,,82%,,,29.79,0.0,,,,2024-11-22,11,2024,0,KOKV
2024-11-20,20,01:55,EST,Calm,10.0,Overcast,SCT030 OVC110,50.0,46.4,,,88%,,,29.8,0.0,,,,2024-11-22,11,2024,1,KOKV
2024-11-20,20,02:55,EST,Calm,10.0,Overcast,OVC110,50.0,46.4,,,88%,,,29.8,0.0,,,,2024-11-22,11,2024,2,KOKV
2024-11-20,20,03:55,EST,Calm,10.0,Partly Cloudy,SCT110,46.4,44.6,,,93%,,,29.79,0.0,,,,2024-11-22,11,2024,3,KOKV
2024-11-20,20,04:55,EST,Calm,10.0,Overcast,OVC050,46.4,46.4,,,100%,,,29.79,0.0,,,,2024-11-22,11,2024,4,KOKV
2024-11-20,20,05:55,EST,Calm,10.0,Overcast,OVC048,48.2,44.6,,,87%,,,29.8,0.0,,,,2024-11-22,11,2024,5,KOKV
2024-11-20,20,06:55,EST,Calm,10.0,Overcast,OVC048,50.0,42.8,,,76%,,,29.81,0.0,,,,2024-11-22,11,2024,6,KOKV
2024-11-20,20,07:55,EST,Calm,10.0,Overcast,OVC050,50.0,42.8,,,76%,,,29.8,0.0,,,,2024-11-22,11,2024,7,KOKV
2024-11-20,20,08:55,EST,Calm,10.0,Partly Cloudy,SCT050,51.8,42.8,,,72%,,,29.78,0.0,,,,2024-11-22,11,2024,8,KOKV
2024-11-20,20,09:55,EST,Calm,10.0,Fair,CLR,55.4,44.6,,,67%,,,29.77,0.0,,,,2024-11-22,11,2024,9,KOKV
2024-11-20,20,10:55,EST,Calm,10.0,Overcast,SCT038 OVC049,57.2,46.4,,,67%,,,29.77,0.0,,,,2024-11-22,11,2024,10,KOKV
2024-11-20,20,11:15,EST,Calm,10.0,Overcast,BKN040 OVC045,59.0,46.4,,,63%,,,29.75,0.0,,,,2024-11-22,11,2024,11,KOKV
2024-11-20,20,12:35,EST,S  3,10.0,Overcast,OVC038,60.8,50.0,,,68%,,,29.71,0.0,,,,2024-11-22,11,2024,12,KOKV
2024-11-20,20,13:55,EST,SE  5,10.0,Overcast,OVC036,60.8,51.8,,,72%,,,29.68,0.0,,,,2024-11-22,11,2024,13,KOKV
2024-11-20,20,14:55,EST,E  7,10.0,Overcast,OVC038,62.6,51.8,,,68%,,,29.65,0.0,,,,2024-11-22,11,2024,14,KOKV
2024-11-20,20,15:55,EST,E  6,10.0,Overcast,OVC042,60.8,50.0,,,68%,,,29.62,0.0,,,,2024-11-22,11,2024,15,KOKV
2024-11-20,20,16:35,EST,SE  6,10.0,Overcast,BKN040 OVC060,59.0,50.0,,,72%,,,29.61,0.0,,,,2024-11-22,11,2024,16,KOKV
2024-11-20,20,17:55,EST,S  6,10.0,Overcast,OVC043,59.0,51.8,,,77%,,,29.59,0.0,,,,2024-11-22,11,2024,17,KOKV
2024-11-20,20,18:55,EST,Calm,10.0,Overcast,BKN021 BKN026 OVC050,55.4,53.6,,,94%,,,29.61,0.0,,,,2024-11-22,11,2024,18,KOKV
2024-11-20,20,19:55,EST,NW  23  G 33,7.0,Thunderstorm in Vicinity and Breezy,SCT013 BKN029 OVC048,50.0,42.8,,,76%,44.0,,29.71,0.0,,,,2024-11-22,11,2024,19,KOKV
2024-11-20,20,20:55,EST,W  18  G 28,10.0,Overcast,OVC060,46.4,35.6,,,66%,40.0,,29.75,0.0,,,,2024-11-22,11,2024,20,KOKV
2024-11-20,20,21:55,EST,NW  15  G 28,10.0,Overcast,OVC070,44.6,35.6,,,71%,38.0,,29.73,0.0,,,,2024-11-22,11,2024,21,KOKV
2024-11-20,20,22:55,EST,NW  16  G 26,10.0,Overcast,SCT070 OVC080,42.8,33.8,,,71%,36.0,,29.76,0.0,,,,2024-11-22,11,2024,22,KOKV
2024-11-20,20,23:55,EST,Calm,0.0,Partly Cloudy,SCT100,41.0,30.2,,,66%,,,0.0,0.0,,,,2024-11-22,11,2024,23,KOKV
2024-11-21,21,00:15,EST,Calm,0.0,,,41.0,30.2,,,66%,,,0.0,0.0,,,,2024-11-22,11,2024,0,KOKV
2024-11-21,21,06:55,EST,Calm,10.0,Mostly Cloudy,BKN044,32.0,30.2,,,93%,,,29.68,0.0,,,,2024-11-22,11,2024,6,KOKV
2024-11-21,21,07:55,EST,SW  3,10.0,Partly Cloudy,SCT050,32.0,32.0,,,100%,,,29.68,0.0,,,,2024-11-22,11,2024,7,KOKV
2024-11-21,21,08:55,EST,S  5,10.0,Overcast,BKN050 OVC070,39.2,32.0,,,75%,36.0,,29.67,0.0,,,,2024-11-22,11,2024,8,KOKV
2024-11-21,21,09:55,EST,SW  5,10.0,Overcast,BKN050 OVC065,41.0,32.0,,,70%,38.0,,29.65,0.0,,,,2024-11-22,11,2024,9,KOKV
2024-11-21,21,10:55,EST,W  5,10.0,Overcast,OVC046,41.0,32.0,,,70%,38.0,,29.64,0.0,,,,2024-11-22,11,2024,10,KOKV
2024-11-21,21,11:55,EST,NW  12,10.0,Overcast,BKN041 OVC049,37.4,32.0,,,81%,30.0,,29.63,0.0,,,,2024-11-22,11,2024,11,KOKV
2024-11-21,21,12:55,EST,NW  3,10.0,Overcast,OVC044,37.4,32.0,,,81%,,,29.62,0.0,,,,2024-11-22,11,2024,12,KOKV
2024-11-21,21,13:55,EST,Calm,10.0,Overcast,SCT070 OVC080,41.0,33.8,,,76%,,,29.59,0.0,,,,2024-11-22,11,2024,13,KOKV
2024-11-21,21,14:55,EST,W  3,10.0,Overcast,SCT048 SCT080 OVC110,41.0,32.0,,,70%,,,29.59,0.0,,,,2024-11-22,11,2024,14,KOKV
2024-11-21,21,15:55,EST,NW  6,10.0,Overcast,SCT070 OVC100,41.0,32.0,,,70%,38.0,,29.59,0.0,,,,2024-11-22,11,2024,15,KOKV
2024-11-21,21,16:55,EST,NW  10,10.0,Overcast,SCT013 BKN070 OVC100,37.4,32.0,,,81%,31.0,,29.61,0.0,,,,2024-11-22,11,2024,16,KOKV
2024-11-21,21,17:55,EST,NW  9,10.0,Overcast,BKN100 OVC120,37.4,32.0,,,81%,31.0,,29.62,0.0,,,,2024-11-22,11,2024,17,KOKV
2024-11-21,21,18:55,EST,W  10,10.0,Overcast,SCT035 BKN060 OVC090,37.4,32.0,,,81%,31.0,,29.64,0.0,,,,2024-11-22,11,2024,18,KOKV
2024-11-21,21,19:55,EST,W  10,10.0,Mostly Cloudy,BKN120,35.6,28.4,,,75%,29.0,,29.64,0.0,,,,2024-11-22,11,2024,19,KOKV
2024-11-21,21,20:55,EST,W  9,10.0,Mostly Cloudy,BKN110,35.6,26.6,,,70%,29.0,,29.65,0.0,,,,2024-11-22,11,2024,20,KOKV
2024-11-21,21,21:55,EST,NW  13,10.0,Fair,CLR,33.8,24.8,,,70%,25.0,,29.65,0.0,,,,2024-11-22,11,2024,21,KOKV
2024-11-21,21,22:55,EST,W  9,10.0,Fair,CLR,33.8,23.0,,,65%,27.0,,29.65,0.0,,,,2024-11-22,11,2024,22,KOKV
2024-11-21,21,23:55,EST,W  12,10.0,Fair,CLR,32.0,23.0,,,69%,24.0,,29.62,0.0,,,,2024-11-22,11,2024,23,KOKV
2024-12-30,30,21:55,EST,Calm,10.0,Fair,CLR,42.8,26.6,,,53%,,,29.87,0.0,,,,2025-01-02,12,2024,21,KOKV
2024-12-30,30,22:55,EST,Calm,10.0,Fair,CLR,37.4,28.4,,,70%,,,29.88,0.0,,,,2025-01-02,12,2024,22,KOKV
2024-12-30,30,23:55,EST,W  7,10.0,Fair,CLR,42.8,28.4,,,57%,39.0,,29.88,0.0,,,,2025-01-02,12,2024,23,KOKV
2024-12-31,31,00:55,EST,S  3,10.0,Fair,CLR,37.4,28.4,,,70%,,,29.87,0.0,,,,2025-01-02,12,2024,0,KOKV
2024-12-31,31,01:55,EST,S  5,10.0,Fair,CLR,37.4,30.2,,,75%,34.0,,29.87,0.0,,,,2025-01-02,12,2024,1,KOKV
2024-12-31,31,02:55,EST,Calm,10.0,Fair,CLR,37.4,30.2,,,75%,,,29.88,0.0,,,,2025-01-02,12,2024,2,KOKV
2024-12-31,31,03:55,EST,Calm,10.0,Fair,CLR,35.6,30.2,,,81%,,,29.87,0.0,,,,2025-01-02,12,2024,3,KOKV
2024-12-31,31,04:55,EST,Calm,10.0,Partly Cloudy,SCT120,33.8,30.2,,,87%,,,29.84,0.0,,,,2025-01-02,12,2024,4,KOKV
2024-12-31,31,05:55,EST,Calm,10.0,Mostly Cloudy,BKN110,35.6,32.0,,,87%,,,29.84,0.0,,,,2025-01-02,12,2024,5,KOKV
2024-12-31,31,06:55,EST,Calm,10.0,Fair,CLR,33.8,30.2,,,87%,,,29.83,0.0,,,,2025-01-02,12,2024,6,KOKV
2024-12-31,31,07:55,EST,Calm,10.0,Fair,CLR,32.0,28.4,,,87%,,,29.81,0.0,,,,2025-01-02,12,2024,7,KOKV
2024-12-31,31,08:55,EST,SE  8,10.0,Fair,CLR,42.8,32.0,,,66%,39.0,,29.79,0.0,,,,2025-01-02,12,2024,8,KOKV
2024-12-31,31,09:55,EST,SE  8,10.0,Fair,CLR,48.2,33.8,,,58%,45.0,,29.78,0.0,,,,2025-01-02,12,2024,9,KOKV
2024-12-31,31,10:55,EST,S  16  G 20,10.0,Fair,CLR,51.8,37.4,,,58%,,,29.74,0.0,,,,2025-01-02,12,2024,10,KOKV
2024-12-31,31,11:55,EST,SE  12  G 20,10.0,Mostly Cloudy,BKN027 BKN032 BKN040,51.8,41.0,,,67%,,,29.68,0.0,,,,2025-01-02,12,2024,11,KOKV
2024-12-31,31,12:55,EST,S  13  G 18,10.0,Overcast,OVC025,50.0,41.0,,,71%,46.0,,29.65,0.0,,,,2025-01-02,12,2024,12,KOKV
2024-12-31,31,13:55,EST,SE  10  G 16,10.0,Overcast,SCT029 SCT035 OVC070,48.2,39.2,,,71%,44.0,,29.59,0.0,,,,2025-01-02,12,2024,13,KOKV
2024-12-31,31,14:55,EST,Calm,10.0,Thunderstorm,SCT033 OVC039,48.2,39.2,,,71%,,,29.57,0.0,,,,2025-01-02,12,2024,14,KOKV
2024-12-31,31,15:55,EST,SE  5,10.0,Overcast,SCT031 BKN040 OVC060,50.0,42.8,,,76%,49.0,,29.55,0.0,,,,2025-01-02,12,2024,15,KOKV
2024-12-31,31,16:55,EST,Calm,5.0,Overcast,SCT009 BKN019 OVC049,46.4,44.6,,,93%,,,29.56,0.0,,,,2025-01-02,12,2024,16,KOKV
2024-12-31,31,17:55,EST,NW  3,10.0,Overcast,SCT027 BKN055 OVC100,46.4,44.6,,,93%,,,29.54,0.0,,,,2025-01-02,12,2024,17,KOKV
2024-12-31,31,18:55,EST,NW  17  G 26,2.5,Overcast,SCT011 BKN024 OVC046,46.4,44.6,,,93%,40.0,,29.58,0.0,,,,2025-01-02,12,2024,18,KOKV
2024-12-31,31,19:55,EST,Calm,10.0,Mostly Cloudy,SCT065 BKN085 BKN100,44.6,42.8,,,93%,,,29.55,0.0,,,,2025-01-02,12,2024,19,KOKV
2024-12-31,31,20:55,EST,Calm,1.25,Partly Cloudy,SCT001,42.8,42.8,,,100%,,,29.55,0.0,,,,2025-01-02,12,2024,20,KOKV
2024-12-31,31,21:55,EST,W  3,10.0,Overcast,BKN050 OVC085,42.8,42.8,,,100%,,,29.55,0.0,,,,2025-01-02,12,2024,21,KOKV
2024-12-31,31,22:55,EST,Calm,5.0,Partly Cloudy,SCT055 SCT070 SCT085,41.0,39.2,,,93%,,,29.55,0.0,,,,2025-01-02,12,2024,22,KOKV
2024-12-31,31,23:55,EST,S  3,3.0,Mostly Cloudy,BKN075,39.2,37.4,,,93%,,,29.53,0.0,,,,2025-01-02,12,2024,23,KOKV
2025-01-01,1,00:55,EST,W  6,10.0,Mostly Cloudy,SCT041 SCT046 BKN080,41.0,41.0,,,100%,38.0,,29.53,0.0,,,,2025-01-02,1,2025,0,KOKV
2025-01-01,1,01:55,EST,W  10,10.0,Overcast,SCT048 BKN060 OVC080,44.6,39.2,,,81%,40.0,,29.55,0.0,,,,2025-01-02,1,2025,1,KOKV
2025-01-01,1,02:55,EST,W  14  G 23,10.0,Mostly Cloudy,SCT070 BKN080,44.6,35.6,,,71%,39.0,,29.58,0.0,,,,2025-01-02,1,2025,2,KOKV
2025-01-01,1,03:55,EST,W  17  G 26,10.0,Overcast,OVC048,44.6,32.0,,,61%,38.0,,29.6,0.0,,,,2025-01-02,1,2025,3,KOKV
2025-01-01,1,04:55,EST,W  16,10.0,Mostly Cloudy,BKN044 BKN065 BKN120,42.8,32.0,,,66%,36.0,,29.62,0.0,,,,2025-01-02,1,2025,4,KOKV
2025-01-01,1,05:55,EST,W  25  G 32,10.0,Overcast and Breezy,OVC042,42.8,30.2,,,61%,34.0,,29.66,0.0,,,,2025-01-02,1,2025,5,KOKV
2025-01-01,1,06:55,EST,W  12  G 23,10.0,Mostly Cloudy,BKN042,41.0,28.4,,,61%,35.0,,29.69,0.0,,,,2025-01-02,1,2025,6,KOKV
2025-01-01,1,07:55,EST,W  23  G 36,10.0,Partly Cloudy and Breezy,SCT038 SCT044,41.0,28.4,,,61%,32.0,,29.72,0.0,,,,2025-01-02,1,2025,7,KOKV
2025-01-01,1,08:55,EST,W  25  G 35,10.0,Partly Cloudy and Breezy,SCT036,41.0,30.2,,,66%,31.0,,29.76,0.0,,,,2025-01-02,1,2025,8,KOKV
2025-01-01,1,09:55,EST,W  21  G 28,10.0,Overcast and Breezy,OVC038,41.0,30.2,,,66%,32.0,,29.81,0.0,,,,2025-01-02,1,2025,9,KOKV
2025-01-01,1,10:55,EST,W  13  G 24,10.0,Overcast,OVC038,41.0,28.4,,,61%,34.0,,29.83,0.0,,,,2025-01-02,1,2025,10,KOKV
2025-01-01,1,11:55,EST,W  17  G 24,10.0,Overcast,OVC040,41.0,28.4,,,61%,33.0,,29.83,0.0,,,,2025-01-02,1,2025,11,KOKV
2025-01-01,1,12:55,EST,NW  12  G 23,10.0,Overcast,OVC040,41.0,28.4,,,61%,35.0,,29.84,0.0,,,,2025-01-02,1,2025,12,KOKV
2025-01-01,1,13:55,EST,W  22  G 31,10.0,Overcast and Breezy,OVC040,41.0,28.4,,,61%,32.0,,29.86,0.0,,,,2025-01-02,1,2025,13,KOKV
2025-01-01,1,14:55,EST,W  16  G 25,10.0,Overcast,BKN043 OVC049,39.2,26.6,,,61%,31.0,,29.9,0.0,,,,2025-01-02,1,2025,14,KOKV
2025-01-01,1,15:55,EST,W  17  G 26,10.0,Overcast,BKN047 OVC060,39.2,24.8,,,56%,31.0,,29.91,0.0,,,,2025-01-02,1,2025,15,KOKV
2025-01-01,1,16:55,EST,W  16  G 22,10.0,Partly Cloudy,SCT047 SCT060,37.4,24.8,,,60%,29.0,,29.9,0.0,,,,2025-01-02,1,2025,16,KOKV
2025-01-01,1,17:55,EST,W  9  G 21,10.0,Partly Cloudy,SCT060,37.4,23.0,,,56%,31.0,,29.92,0.0,,,,2025-01-02,1,2025,17,KOKV
2025-01-01,1,18:55,EST,W  6,10.0,Partly Cloudy,SCT048 SCT060,35.6,24.8,,,65%,31.0,,29.94,0.0,,,,2025-01-02,1,2025,18,KOKV
2025-01-01,1,19:55,EST,W  10  G 22,10.0,Mostly Cloudy,BKN048 BKN060,37.4,24.8,,,60%,31.0,,29.95,0.0,,,,2025-01-02,1,2025,19,KOKV
2025-01-01,1,20:55,EST,W  10  G 21,10.0,Overcast,BKN046 OVC050,37.4,23.0,,,56%,31.0,,29.95,0.0,,,,2025-01-02,1,2025,20,KOKV
2025-01-01,1,21:55,EST,W  14  G 24,10.0,Overcast,OVC048,35.6,21.2,,,56%,27.0,,29.97,0.0,,,,2025-01-02,1,2025,21,KOKV
2025-01-01,1,22:55,EST,W  17  G 24,10.0,Overcast,OVC050,33.8,19.4,,,56%,24.0,,30.01,0.0,,,,2025-01-04,1,2025,22,KOKV
2025-01-01,1,23:55,EST,W  13  G 18,10.0,Overcast,BKN047 OVC050,33.8,19.4,,,56%,25.0,,30.03,0.0,,,,2025-01-04,1,2025,23,KOKV
2025-01-02,2,00:55,EST,W  12  G 24,10.0,Overcast,SCT049 OVC060,32.0,19.4,,,60%,24.0,,30.03,0.0,,,,2025-01-04,1,2025,0,KOKV
2025-01-02,2,01:55,EST,NW  21  G 33,10.0,Overcast and Breezy,OVC050,32.0,15.8,,,51%,21.0,,30.04,0.0,,,,2025-01-04,1,2025,1,KOKV
2025-01-02,2,02:55,EST,W  20  G 30,10.0,Overcast,OVC060,32.0,14.0,,,47%,21.0,,30.06,0.0,,,,2025-01-04,1,2025,2,KOKV
2025-01-02,2,03:55,EST,W  15,10.0,Overcast,OVC060,32.0,15.8,,,51%,22.0,,30.06,0.0,,,,2025-01-04,1,2025,3,KOKV
2025-01-02,2,04:55,EST,NW  17  G 26,10.0,Overcast,OVC050,32.0,17.6,,,55%,22.0,,30.06,0.0,,,,2025-01-04,1,2025,4,KOKV
2025-01-02,2,05:55,EST,W  14  G 18,10.0,Overcast,OVC049,32.0,19.4,,,60%,23.0,,30.08,0.0,,,,2025-01-04,1,2025,5,KOKV
2025-01-02,2,06:55,EST,W  21  G 31,10.0,Overcast and Breezy,OVC048,32.0,17.6,,,55%,21.0,,30.09,0.0,,,,2025-01-04,1,2025,6,KOKV
2025-01-02,2,07:55,EST,W  13  G 23,10.0,Overcast,OVC048,32.0,15.8,,,51%,23.0,,30.14,0.0,,,,2025-01-04,1,2025,7,KOKV
2025-01-02,2,08:55,EST,W  8  G 21,10.0,Overcast,OVC048,32.0,15.8,,,51%,25.0,,30.17,0.0,,,,2025-01-04,1,2025,8,KOKV
2025-01-02,2,09:55,EST,W  9  G 21,10.0,Overcast,OVC046,32.0,17.6,,,55%,25.0,,30.18,0.0,,,,2025-01-04,1,2025,9,KOKV
2025-01-02,2,10:55,EST,W  17  G 23,10.0,Overcast,OVC048,33.8,17.6,,,51%,24.0,,30.17,0.0,,,,2025-01-04,1,2025,10,KOKV
2025-01-02,2,11:55,EST,W  14  G 24,10.0,Overcast,OVC048,33.8,17.6,,,51%,25.0,,30.15,0.0,,,,2025-01-04,1,2025,11,KOKV
2025-01-02,2,12:55,EST,W  14  G 20,10.0,Overcast,OVC050,35.6,19.4,,,52%,27.0,,30.12,0.0,,,,2025-01-04,1,2025,12,KOKV
2025-01-02,2,13:55,EST,W  15  G 21,10.0,Overcast,OVC048,35.6,17.6,,,48%,27.0,,30.1,0.0,,,,2025-01-04,1,2025,13,KOKV
2025-01-02,2,14:55,EST,W  14  G 23,10.0,Overcast,OVC050,35.6,19.4,,,52%,27.0,,30.09,0.0,,,,2025-01-04,1,2025,14,KOKV
2025-01-02,2,15:55,EST,W  12  G 18,10.0,Mostly Cloudy,BKN050,37.4,17.6,,,45%,30.0,,30.1,0.0,,,,2025-01-04,1,2025,15,KOKV
2025-01-02,2,16:55,EST,NW  7,10.0,Partly Cloudy,SCT050,33.8,17.6,,,51%,28.0,,30.11,0.0,,,,2025-01-04,1,2025,16,KOKV
2025-01-02,2,17:55,EST,W  7,10.0,Fair,CLR,33.8,17.6,,,51%,28.0,,30.12,0.0,,,,2025-01-04,1,2025,17,KOKV
2025-01-02,2,18:55,EST,SW  3,10.0,Partly Cloudy,SCT050,30.2,19.4,,,64%,,,30.12,0.0,,,,2025-01-04,1,2025,18,KOKV
2025-01-02,2,19:55,EST,S  3,10.0,Mostly Cloudy,BKN050,30.2,19.4,,,64%,,,30.11,0.0,,,,2025-01-04,1,2025,19,KOKV
2025-01-02,2,20:55,EST,W  13  G 16,10.0,Partly Cloudy,SCT050,33.8,19.4,,,56%,25.0,,30.1,0.0,,,,2025-01-04,1,2025,20,KOKV
2025-01-02,2,21:55,EST,W  15  G 23,10.0,Partly Cloudy,SCT050,33.8,19.4,,,56%,25.0,,30.1,0.0,,,,2025-01-04,1,2025,21,KOKV
2025-01-02,2,22:55,EST,NW  25  G 33,10.0,Partly Cloudy and Breezy,SCT049,33.8,19.4,,,56%,22.0,,30.11,0.0,,,,2025-01-04,1,2025,22,KOKV
2025-01-02,2,23:55,EST,NW  21  G 25,10.0,Partly Cloudy and Breezy,SCT047,32.0,19.4,,,60%,21.0,,30.11,0.0,,,,2025-01-04,1,2025,23,KOKV
2025-01-03,3,00:55,EST,W  12  G 24,10.0,Fair,CLR,32.0,19.4,,,60%,24.0,,30.1,0.0,,,,2025-01-04,1,2025,0,KOKV
2025-01-03,3,01:55,EST,Calm,10.0,Partly Cloudy,SCT043,32.0,19.4,,,60%,,,30.1,0.0,,,,2025-01-04,1,2025,1,KOKV
2025-01-03,3,02:55,EST,Calm,10.0,Overcast,OVC043,30.2,19.4,,,64%,,,30.11,0.0,,,,2025-01-04,1,2025,2,KOKV
2025-01-03,3,03:55,EST,Calm,10.0,Mostly Cloudy,BKN043,30.2,19.4,,,64%,,,30.09,0.0,,,,2025-01-04,1,2025,3,KOKV
2025-01-03,3,04:55,EST,Calm,10.0,Overcast,OVC045,32.0,21.2,,,64%,,,30.07,0.0,,,,2025-01-04,1,2025,4,KOKV
2025-01-03,3,05:55,EST,E  3,10.0,Partly Cloudy,SCT043,28.4,19.4,,,69%,,,30.05,0.0,,,,2025-01-04,1,2025,5,KOKV
2025-01-03,3,06:55,EST,Calm,10.0,Mostly Cloudy,BKN050,26.6,19.4,,,74%,,,30.04,0.0,,,,2025-01-04,1,2025,6,KOKV
2025-01-03,3,07:55,EST,Calm,10.0,Overcast,BKN050 OVC060,26.6,21.2,,,80%,,,30.01,0.0,,,,2025-01-04,1,2025,7,KOKV
2025-01-03,3,08:55,EST,Calm,10.0,Mostly Cloudy,BKN090,28.4,21.2,,,74%,,,29.98,0.0,,,,2025-01-04,1,2025,8,KOKV
2025-01-03,3,09:55,EST,S  5,10.0,Overcast,BKN055 OVC065,32.0,23.0,,,69%,28.0,,29.95,0.0,,,,2025-01-04,1,2025,9,KOKV
2025-01-03,3,10:55,EST,SW  8,10.0,Overcast,OVC050,35.6,23.0,,,60%,30.0,,29.9,0.0,,,,2025-01-04,1,2025,10,KOKV
2025-01-03,3,11:55,EST,SW  9,10.0,Overcast,SCT044 OVC050,37.4,24.8,,,60%,31.0,,29.86,0.0,,,,2025-01-04,1,2025,11,KOKV
2025-01-03,3,12:55,EST,SW  8,10.0,Overcast,SCT026 BKN031 OVC046,35.6,28.4,,,75%,30.0,,29.83,0.0,,,,2025-01-04,1,2025,12,KOKV
2025-01-03,3,13:55,EST,SW  8,1.0,Overcast,OVC006,32.0,32.0,,,100%,25.0,,29.82,0.0,,,,2025-01-04,1,2025,13,KOKV
2025-01-03,3,14:55,EST,W  9,10.0,Overcast,SCT041 SCT050 OVC090,32.0,28.4,,,87%,25.0,,29.82,0.0,,,,2025-01-04,1,2025,14,KOKV
2025-01-03,3,15:55,EST,NW  15  G 21,10.0,Overcast,SCT009 BKN039 OVC070,32.0,28.4,,,87%,22.0,,29.87,0.0,,,,2025-01-04,1,2025,15,KOKV
2025-01-03,3,16:55,EST,W  16  G 21,10.0,Partly Cloudy,SCT035 SCT050,30.2,21.2,,,69%,20.0,,29.9,0.0,,,,2025-01-04,1,2025,16,KOKV
2025-01-03,3,17:55,EST,W  12  G 23,10.0,Mostly Cloudy,SCT043 BKN085,28.4,17.6,,,64%,19.0,,29.93,0.0,,,,2025-01-04,1,2025,17,KOKV
2025-01-03,3,18:55,EST,W  15  G 31,10.0,Mostly Cloudy,BKN045 BKN060 BKN100,28.4,15.8,,,59%,18.0,,29.95,0.0,,,,2025-01-04,1,2025,18,KOKV
2025-01-03,3,19:55,EST,W  18  G 35,10.0,Partly Cloudy,SCT043 SCT048,26.6,14.0,,,59%,14.0,,29.96,0.0,,,,2025-01-04,1,2025,19,KOKV
2025-01-03,3,20:55,EST,W  15  G 24,10.0,Mostly Cloudy,SCT037 BKN047,26.6,14.0,,,59%,16.0,,29.97,0.0,,,,2025-01-04,1,2025,20,KOKV
2025-01-03,3,21:55,EST,W  16  G 24,10.0,Overcast,BKN040 OVC050,26.6,14.0,,,59%,15.0,,29.98,0.0,,,,2025-01-04,1,2025,21,KOKV
2025-01-03,3,22:55,EST,W  17  G 35,10.0,Partly Cloudy,SCT039,26.6,14.0,,,59%,15.0,,29.98,0.0,,,,2025-01-04,1,2025,22,KOKV
2025-01-03,3,23:55,EST,W  10  G 23,10.0,Partly Cloudy,SCT041,26.6,14.0,,,59%,18.0,,29.98,0.0,,,,2025-01-04,1,2025,23,KOKV
2025-01-04,4,00:55,EST,NW  18  G 25,10.0,Fair,CLR,26.6,12.2,,,54%,14.0,,29.97,0.0,,,,2025-01-04,1,2025,0,KOKV
2025-01-04,4,01:55,EST,W  16  G 22,10.0,Partly Cloudy,SCT041,26.6,14.0,,,59%,15.0,,29.99,0.0,,,,2025-01-04,1,2025,1,KOKV
2025-01-04,4,02:55,EST,W  23  G 30,10.0,Overcast and Breezy,SCT026 BKN034 OVC060,26.6,15.8,,,64%,13.0,,30.0,0.0,,,,2025-01-04,1,2025,2,KOKV
2025-01-04,4,03:55,EST,NW  6,10.0,Overcast,SCT033 BKN040 OVC055,26.6,15.8,,,64%,21.0,,30.02,0.0,,,,2025-01-04,1,2025,3,KOKV
2025-01-04,4,04:55,EST,NW  21  G 28,10.0,Overcast and Breezy,SCT043 OVC050,24.8,12.2,,,59%,11.0,,30.02,0.0,,,,2025-01-04,1,2025,4,KOKV
2025-01-04,4,05:55,EST,W  25  G 32,10.0,Overcast and Breezy,OVC048,24.8,10.4,,,54%,10.0,,30.05,0.0,,,,2025-01-04,1,2025,5,KOKV
2025-01-04,4,06:55,EST,W  20  G 28,10.0,Overcast,OVC046,23.0,10.4,,,58%,9.0,,30.08,0.0,,,,2025-01-04,1,2025,6,KOKV
2025-01-04,4,07:55,EST,W  23  G 32,10.0,Overcast and Breezy,OVC046,23.0,10.4,,,58%,8.0,,30.09,0.0,,,,2025-01-04,1,2025,7,KOKV
2025-01-04,4,08:55,EST,W  16  G 29,10.0,Overcast,OVC046,23.0,10.4,,,58%,11.0,,30.1,0.0,,,,2025-01-04,1,2025,8,KOKV
2025-01-04,4,09:55,EST,W  17  G 23,10.0,Overcast,BKN045 OVC049,24.8,10.4,,,54%,12.0,,30.12,0.0,,,,2025-01-04,1,2025,9,KOKV
2025-01-04,4,10:55,EST,W  22  G 33,10.0,Overcast and Breezy,OVC045,26.6,10.4,,,50%,13.0,,30.11,0.0,,,,2025-01-04,1,2025,10,KOKV
2025-01-04,4,11:55,EST,W  20  G 31,10.0,Overcast,OVC049,26.6,8.6,,,46%,14.0,,30.1,0.0,,,,2025-01-04,1,2025,11,KOKV
2025-01-04,4,12:55,EST,W  21  G 26,10.0,Overcast and Breezy,OVC049,26.6,8.6,,,46%,14.0,,30.08,0.0,,,,2025-01-04,1,2025,12,KOKV
2025-01-04,4,13:55,EST,W  14  G 24,10.0,Mostly Cloudy,SCT030 SCT043 BKN049,26.6,10.4,,,50%,16.0,,30.08,0.0,,,,2025-01-04,1,2025,13,KOKV
2025-01-04,4,14:55,EST,NW  24  G 35,10.0,Mostly Cloudy and Breezy,BKN048 BKN055,28.4,8.6,,,43%,15.0,,30.08,0.0,,,,2025-01-04,1,2025,14,KOKV
2025-01-04,4,15:55,EST,W  20  G 31,10.0,Partly Cloudy,SCT050,26.6,8.6,,,46%,14.0,,30.09,0.0,,,,2025-01-04,1,2025,15,KOKV
2025-01-04,4,16:55,EST,W  13  G 24,10.0,Mostly Cloudy,BKN047,24.8,8.6,,,50%,14.0,,30.11,0.0,,,,2025-01-04,1,2025,16,KOKV
2025-01-04,4,17:55,EST,W  8,10.0,Mostly Cloudy,BKN045,23.0,8.6,,,54%,15.0,,30.13,0.0,,,,2025-01-04,1,2025,17,KOKV
2025-01-04,4,18:55,EST,W  15  G 23,10.0,Fair,CLR,23.0,8.6,,,54%,11.0,,30.13,0.0,,,,2025-01-04,1,2025,18,KOKV
2025-01-04,4,19:55,EST,W  14  G 20,10.0,Mostly Cloudy,BKN042,23.0,8.6,,,54%,11.0,,30.14,0.0,,,,2025-01-04,1,2025,19,KOKV
2025-01-04,4,20:55,EST,W  8  G 14,10.0,Overcast,OVC042,23.0,8.6,,,54%,15.0,,30.14,0.0,,,,2025-01-04,1,2025,20,KOKV
2025-01-04,4,21:55,EST,NW  10  G 22,10.0,Overcast,OVC042,23.0,8.6,,,54%,13.0,,30.15,0.0,,,,2025-01-04,1,2025,21,KOKV
2025-01-05,5,23:55,EST,SW  6,10.0,Overcast,SCT033 SCT039 OVC047,28.4,14.0,,,55%,23.0,,30.06,0.0,,,,2025-01-08,1,2025,23,KOKV
2025-01-06,6,00:55,EST,Calm,1.25,Overcast,OVC014,24.8,23.0,,,93%,,,30.06,0.0,,,,2025-01-09,1,2025,0,KOKV
2025-01-06,6,01:55,EST,NE  3,1.0,Overcast,OVC010,23.0,21.2,,,93%,,,30.01,0.0,,,,2025-01-09,1,2025,1,KOKV
2025-01-06,6,02:55,EST,E  3,1.5,Overcast,OVC015,23.0,21.2,,,93%,,,29.99,0.0,,,,2025-01-09,1,2025,2,KOKV
2025-01-06,6,03:55,EST,NE  3,0.75,Overcast,OVC009,23.0,21.2,,,93%,,,29.94,0.0,,,,2025-01-09,1,2025,3,KOKV
2025-01-06,6,04:55,EST,NE  5,1.25,Overcast,OVC011,23.0,21.2,,,93%,18.0,,29.9,0.0,,,,2025-01-09,1,2025,4,KOKV
2025-01-06,6,05:55,EST,NE  3,2.0,Overcast,OVC021,23.0,21.2,,,93%,,,29.87,0.0,,,,2025-01-09,1,2025,5,KOKV
2025-01-06,6,06:55,EST,E  3,1.25,Overcast,OVC017,23.0,21.2,,,93%,,,29.83,0.0,,,,2025-01-09,1,2025,6,KOKV
2025-01-06,6,07:55,EST,NE  5,1.75,Overcast,BKN017 BKN028 OVC038,23.0,21.2,,,93%,18.0,,29.82,0.0,,,,2025-01-09,1,2025,7,KOKV
2025-01-06,6,08:55,EST,NE  5,1.75,Overcast,SCT010 OVC016,23.0,21.2,,,93%,18.0,,29.81,0.0,,,,2025-01-09,1,2025,8,KOKV
2025-01-06,6,09:55,EST,NE  5,4.0,Overcast,OVC018,23.0,21.2,,,93%,18.0,,29.8,0.0,,,,2025-01-09,1,2025,9,KOKV
2025-01-06,6,10:55,EST,NE  3,1.0,Overcast,OVC007,23.0,21.2,,,93%,,,29.79,0.0,,,,2025-01-09,1,2025,10,KOKV
2025-01-06,6,11:55,EST,NE  6,0.75,Overcast,BKN007 OVC013,23.0,21.2,,,93%,17.0,,29.73,0.0,,,,2025-01-09,1,2025,11,KOKV
2025-01-06,6,12:55,EST,NE  6,1.0,Overcast,BKN007 BKN013 OVC026,24.8,21.2,,,86%,19.0,,29.69,0.0,,,,2025-01-09,1,2025,12,KOKV
2025-01-06,6,13:55,EST,NE  5,2.5,Overcast,BKN009 BKN014 OVC037,24.8,21.2,,,86%,20.0,,29.65,0.0,,,,2025-01-09,1,2025,13,KOKV
2025-01-06,6,14:55,EST,N  6,5.0,Overcast,OVC013,24.8,21.2,,,86%,19.0,,29.65,0.0,,,,2025-01-09,1,2025,14,KOKV
2025-01-06,6,15:55,EST,N  6,1.5,Overcast,SCT011 SCT024 OVC033,24.8,21.2,,,86%,19.0,,29.66,0.0,,,,2025-01-09,1,2025,15,KOKV
2025-01-06,6,16:55,EST,NW  6,1.25,Overcast,SCT009 BKN026 OVC036,24.8,21.2,,,86%,19.0,,29.7,0.0,,,,2025-01-09,1,2025,16,KOKV
2025-01-06,6,17:55,EST,NW  7,5.0,Overcast,BKN017 BKN025 OVC039,24.8,21.2,,,86%,18.0,,29.72,0.0,,,,2025-01-09,1,2025,17,KOKV
2025-01-06,6,18:55,EST,NW  12,2.5,Overcast,BKN026 BKN031 OVC049,26.6,21.2,,,80%,17.0,,29.75,0.0,,,,2025-01-09,1,2025,18,KOKV
2025-01-06,6,19:55,EST,NW  12,1.75,Overcast,BKN019 OVC024,26.6,23.0,,,86%,17.0,,29.78,0.0,,,,2025-01-09,1,2025,19,KOKV
2025-01-06,6,20:55,EST,NW  13,7.0,Overcast,SCT050 OVC060,26.6,23.0,,,86%,16.0,,29.78,0.0,,,,2025-01-09,1,2025,20,KOKV
2025-01-06,6,21:55,EST,NW  5,10.0,Overcast,BKN027 OVC070,26.6,21.2,,,80%,22.0,,29.82,0.0,,,,2025-01-09,1,2025,21,KOKV
2025-01-06,6,22:55,EST,NW  14  G 21,10.0,Overcast,OVC025,28.4,21.2,,,74%,18.0,,29.83,0.0,,,,2025-01-09,1,2025,22,KOKV
2025-01-06,6,23:55,EST,N  12  G 20,10.0,Overcast,OVC029,26.6,19.4,,,74%,17.0,,29.87,0.0,,,,2025-01-09,1,2025,23,KOKV
2025-01-07,7,00:55,EST,NW  20  G 26,10.0,Overcast,OVC031,26.6,15.8,,,64%,14.0,,29.9,0.0,,,,2025-01-09,1,2025,0,KOKV
2025-01-07,7,01:55,EST,NW  13  G 18,10.0,Overcast,OVC031,23.0,12.2,,,63%,12.0,,29.94,0.0,,,,2025-01-09,1,2025,1,KOKV
2025-01-07,7,02:55,EST,NW  7  G 17,10.0,Overcast,OVC036,23.0,10.4,,,58%,16.0,,29.97,0.0,,,,2025-01-09,1,2025,2,KOKV
2025-01-07,7,03:55,EST,NW  8,10.0,Overcast,OVC030,23.0,12.2,,,63%,15.0,,29.97,0.0,,,,2025-01-09,1,2025,3,KOKV
2025-01-07,7,04:55,EST,NW  28  G 32,10.0,Mostly Cloudy and Windy,BKN026 BKN032,21.2,12.2,,,68%,5.0,,29.97,0.0,,,,2025-01-09,1,2025,4,KOKV
2025-01-07,7,05:55,EST,NW  14  G 25,10.0,Mostly Cloudy,BKN033,21.2,10.4,,,63%,9.0,,30.03,0.0,,,,2025-01-09,1,2025,5,KOKV
2025-01-07,7,06:55,EST,NW  14  G 24,10.0,Overcast,OVC033,21.2,8.6,,,58%,9.0,,30.05,0.0,,,,2025-01-09,1,2025,6,KOKV
2025-01-07,7,07:55,EST,NW  20,10.0,Overcast,OVC039,23.0,10.4,,,58%,9.0,,30.04,0.0,,,,2025-01-09,1,2025,7,KOKV
2025-01-07,7,08:55,EST,NW  18  G 28,10.0,Overcast,OVC037,24.8,12.2,,,59%,12.0,,30.06,0.0,,,,2025-01-09,1,2025,8,KOKV
2025-01-07,7,09:55,EST,W  22  G 31,10.0,Overcast and Breezy,OVC033,26.6,14.0,,,59%,13.0,,30.08,0.0,,,,2025-01-09,1,2025,9,KOKV
2025-01-07,7,10:55,EST,NW  23  G 32,10.0,Overcast and Breezy,OVC035,28.4,17.6,,,64%,15.0,,30.09,0.0,,,,2025-01-09,1,2025,10,KOKV
2025-01-07,7,11:55,EST,NW  20  G 24,10.0,Mostly Cloudy,BKN037,30.2,17.6,,,59%,19.0,,30.08,0.0,,,,2025-01-09,1,2025,11,KOKV
2025-01-07,7,12:55,EST,NW  23  G 39,7.0,Partly Cloudy and Breezy,SCT033 SCT039,30.2,17.6,,,59%,18.0,,30.05,0.0,,,,2025-01-09,1,2025,12,KOKV
2025-01-07,7,13:55,EST,W  18  G 24,10.0,Overcast,OVC041,30.2,15.8,,,55%,19.0,,30.07,0.0,,,,2025-01-09,1,2025,13,KOKV
2025-01-07,7,14:55,EST,NW  22  G 26,10.0,Overcast and Breezy,OVC039,30.2,15.8,,,55%,18.0,,30.1,0.0,,,,2025-01-09,1,2025,14,KOKV
2025-01-07,7,15:55,EST,W  14  G 23,10.0,Overcast,OVC039,28.4,15.8,,,59%,18.0,,30.13,0.0,,,,2025-01-09,1,2025,15,KOKV
2025-01-07,7,16:55,EST,NW  16  G 23,10.0,Overcast,OVC041,28.4,14.0,,,55%,17.0,,30.15,0.0,,,,2025-01-09,1,2025,16,KOKV
2025-01-07,7,17:55,EST,W  21  G 28,10.0,Overcast and Breezy,OVC041,26.6,14.0,,,59%,14.0,,30.16,0.0,,,,2025-01-09,1,2025,17,KOKV
2025-01-07,7,18:55,EST,W  13,10.0,Overcast,OVC041,26.6,12.2,,,54%,16.0,,30.18,0.0,,,,2025-01-09,1,2025,18,KOKV
2025-01-07,7,19:55,EST,W  14  G 22,10.0,Overcast,OVC039,26.6,12.2,,,54%,16.0,,30.18,0.0,,,,2025-01-09,1,2025,19,KOKV
2025-01-07,7,20:55,EST,NW  12  G 23,10.0,Overcast,OVC039,24.8,10.4,,,54%,15.0,,30.19,0.0,,,,2025-01-09,1,2025,20,KOKV
2025-01-07,7,21:55,EST,NW  18  G 28,10.0,Overcast,OVC039,24.8,12.2,,,59%,12.0,,30.18,0.0,,,,2025-01-09,1,2025,21,KOKV
2025-01-07,7,22:55,EST,NW  21  G 37,7.0,Overcast and Breezy,OVC035,23.0,12.2,,,63%,9.0,,30.17,0.0,,,,2025-01-10,1,2025,22,KOKV
2025-01-07,7,23:55,EST,NW  21  G 31,10.0,Overcast and Breezy,OVC037,23.0,10.4,,,58%,9.0,,30.2,0.0,,,,2025-01-10,1,2025,23,KOKV
2025-01-08,8,00:55,EST,NW  17  G 28,10.0,Overcast,OVC040,23.0,10.4,,,58%,10.0,,30.18,0.0,,,,2025-01-11,1,2025,0,KOKV
2025-01-08,8,01:55,EST,NW  18  G 25,10.0,Overcast,OVC042,23.0,10.4,,,58%,10.0,,30.18,0.0,,,,2025-01-11,1,2025,1,KOKV
2025-01-08,8,02:55,EST,W  12  G 21,10.0,Overcast,OVC042,23.0,10.4,,,58%,13.0,,30.18,0.0,,,,2025-01-11,1,2025,2,KOKV
2025-01-08,8,03:55,EST,W  13  G 16,10.0,Overcast,OVC042,23.0,10.4,,,58%,12.0,,30.17,0.0,,,,2025-01-11,1,2025,3,KOKV
2025-01-08,8,04:55,EST,W  7,10.0,Overcast,BKN042 OVC050,23.0,10.4,,,58%,16.0,,30.16,0.0,,,,2025-01-11,1,2025,4,KOKV
2025-01-08,8,05:55,EST,W  6,10.0,Overcast,SCT043 OVC049,23.0,10.4,,,58%,17.0,,30.15,0.0,,,,2025-01-11,1,2025,5,KOKV
2025-01-08,8,06:55,EST,W  7,10.0,Overcast,SCT043 OVC049,23.0,10.4,,,58%,16.0,,30.16,0.0,,,,2025-01-11,1,2025,6,KOKV
2025-01-08,8,07:55,EST,W  7,10.0,Overcast,OVC049,23.0,10.4,,,58%,16.0,,30.15,0.0,,,,2025-01-11,1,2025,7,KOKV
2025-01-08,8,08:35,EST,W  6  G 10,10.0,Overcast,OVC049,24.8,10.4,,,54%,19.0,,30.14,0.0,,,,2025-01-11,1,2025,8,KOKV
2025-01-08,8,10:55,EST,W  13  G 22,10.0,Mostly Cloudy,BKN047 BKN055,28.4,12.2,,,51%,19.0,,30.12,0.0,,,,2025-01-11,1,2025,10,KOKV
2025-01-08,8,11:55,EST,W  13  G 17,10.0,Overcast,OVC047,28.4,12.2,,,51%,19.0,,30.09,0.0,,,,2025-01-11,1,2025,11,KOKV
2025-01-08,8,12:55,EST,W  13,10.0,Overcast,OVC047,28.4,12.2,,,51%,19.0,,30.05,0.0,,,,2025-01-11,1,2025,12,KOKV
2025-01-08,8,13:55,EST,W  17  G 24,10.0,Overcast,OVC049,28.4,12.2,,,51%,17.0,,30.02,0.0,,,,2025-01-11,1,2025,13,KOKV
2025-01-08,8,14:55,EST,W  21  G 28,10.0,Overcast and Breezy,OVC048,28.4,12.2,,,51%,16.0,,30.01,0.0,,,,2025-01-11,1,2025,14,KOKV
2025-01-08,8,15:55,EST,W  15,10.0,Overcast,SCT039 BKN047 OVC050,26.6,14.0,,,59%,16.0,,30.01,0.0,,,,2025-01-11,1,2025,15,KOKV
2025-01-08,8,16:55,EST,NW  18  G 23,10.0,Overcast,SCT039 BKN048 OVC060,26.6,14.0,,,59%,14.0,,30.01,0.0,,,,2025-01-11,1,2025,16,KOKV
2025-01-08,8,17:55,EST,W  12  G 18,10.0,Overcast,SCT032 OVC060,26.6,15.8,,,64%,17.0,,30.01,0.0,,,,2025-01-11,1,2025,17,KOKV
2025-01-08,8,18:55,EST,N  8,10.0,Overcast,SCT039 OVC046,24.8,12.2,,,59%,17.0,,30.03,0.0,,,,2025-01-11,1,2025,18,KOKV
2025-01-08,8,19:55,EST,NW  8,10.0,Overcast,BKN046 OVC050,23.0,10.4,,,58%,15.0,,30.04,0.0,,,,2025-01-11,1,2025,19,KOKV
2025-01-08,8,20:55,EST,NW  8,10.0,Overcast,OVC043,23.0,10.4,,,58%,15.0,,30.03,0.0,,,,2025-01-11,1,2025,20,KOKV
2025-01-08,8,21:55,EST,NW  8,10.0,Overcast,BKN039 OVC047,23.0,10.4,,,58%,15.0,,30.03,0.0,,,,2025-01-11,1,2025,21,KOKV
2025-01-08,8,22:55,EST,NW  14  G 23,10.0,Mostly Cloudy,BKN049,21.2,10.4,,,63%,9.0,,30.03,0.0,,,,2025-01-11,1,2025,22,KOKV
2025-01-08,8,23:55,EST,NW  9,10.0,Fair,CLR,21.2,5.0,,,49%,12.0,,30.01,0.0,,,,2025-01-11,1,2025,23,KOKV
2025-01-09,9,00:55,EST,NW  14  G 18,10.0,Fair,CLR,21.2,6.8,,,54%,9.0,,30.0,0.0,,,,2025-01-11,1,2025,0,KOKV
2025-01-09,9,01:55,EST,NW  10  G 17,10.0,Partly Cloudy,SCT032,21.2,8.6,,,58%,11.0,,30.0,0.0,,,,2025-01-11,1,2025,1,KOKV
2025-01-09,9,02:55,EST,W  13  G 25,10.0,Fair,CLR,21.2,8.6,,,58%,10.0,,30.0,0.0,,,,2025-01-11,1,2025,2,KOKV
2025-01-09,9,03:55,EST,NW  15  G 22,10.0,Partly Cloudy,SCT045,21.2,8.6,,,58%,9.0,,30.01,0.0,,,,2025-01-11,1,2025,3,KOKV
2025-01-09,9,04:55,EST,NW  15,10.0,Overcast,BKN037 OVC042,21.2,8.6,,,58%,9.0,,30.01,0.0,,,,2025-01-11,1,2025,4,KOKV
2025-01-09,9,05:55,EST,NW  14  G 24,10.0,Overcast,BKN037 OVC043,21.2,8.6,,,58%,9.0,,30.02,0.0,,,,2025-01-11,1,2025,5,KOKV
2025-01-09,9,06:55,EST,NW  18  G 32,10.0,Partly Cloudy,SCT039,21.2,8.6,,,58%,7.0,,30.03,0.0,,,,2025-01-11,1,2025,6,KOKV
2025-01-09,9,07:55,EST,NW  15  G 28,10.0,Fair,CLR,21.2,8.6,,,58%,9.0,,30.05,0.0,,,,2025-01-11,1,2025,7,KOKV
2025-01-09,9,08:55,EST,NW  20  G 25,10.0,Fair,CLR,23.0,8.6,,,54%,9.0,,30.07,0.0,,,,2025-01-11,1,2025,8,KOKV
2025-01-09,9,09:55,EST,NW  23  G 35,10.0,Fair and Breezy,CLR,23.0,8.6,,,54%,8.0,,30.07,0.0,,,,2025-01-11,1,2025,9,KOKV
2025-01-09,9,10:55,EST,NW  24  G 35,10.0,Fair and Breezy,CLR,24.8,8.6,,,50%,10.0,,30.08,0.0,,,,2025-01-11,1,2025,10,KOKV
2025-01-09,9,11:55,EST,NW  18  G 23,10.0,Fair,CLR,26.6,8.6,,,46%,14.0,,30.08,0.0,,,,2025-01-11,1,2025,11,KOKV
2025-01-09,9,12:55,EST,NW  20  G 23,10.0,Fair,CLR,26.6,8.6,,,46%,14.0,,30.07,0.0,,,,2025-01-11,1,2025,12,KOKV
2025-01-09,9,13:55,EST,W  16  G 29,10.0,Fair,CLR,28.4,8.6,,,43%,17.0,,30.06,0.0,,,,2025-01-11,1,2025,13,KOKV
2025-01-09,9,14:55,EST,NW  14  G 20,10.0,Fair,CLR,28.4,8.6,,,43%,18.0,,30.07,0.0,,,,2025-01-11,1,2025,14,KOKV
2025-01-09,9,15:55,EST,W  17  G 24,10.0,Fair,CLR,28.4,8.6,,,43%,17.0,,30.08,0.0,,,,2025-01-11,1,2025,15,KOKV
2025-01-09,9,16:55,EST,NW  15  G 24,10.0,Fair,CLR,26.6,8.6,,,46%,16.0,,30.09,0.0,,,,2025-01-11,1,2025,16,KOKV
2025-01-09,9,17:55,EST,NW  10  G 16,10.0,Fair,CLR,26.6,8.6,,,46%,18.0,,30.1,0.0,,,,2025-01-11,1,2025,17,KOKV
2025-01-09,9,18:55,EST,NW  15  G 22,10.0,Fair,CLR,24.8,8.6,,,50%,13.0,,30.12,0.0,,,,2025-01-11,1,2025,18,KOKV
2025-01-09,9,19:55,EST,W  14  G 20,10.0,Fair,CLR,24.8,8.6,,,50%,14.0,,30.15,0.0,,,,2025-01-11,1,2025,19,KOKV
2025-01-09,9,20:55,EST,NW  8  G 16,10.0,Fair,CLR,23.0,8.6,,,54%,15.0,,30.15,0.0,,,,2025-01-11,1,2025,20,KOKV
2025-01-09,9,21:55,EST,NW  16  G 23,10.0,Fair,CLR,23.0,8.6,,,54%,11.0,,30.15,0.0,,,,2025-01-11,1,2025,21,KOKV
2025-01-09,9,22:55,EST,W  12  G 20,10.0,Fair,CLR,23.0,8.6,,,54%,13.0,,30.14,0.0,,,,2025-01-11,1,2025,22,KOKV
2025-01-09,9,23:55,EST,NW  7  G 10,10.0,Fair,CLR,21.2,8.6,,,58%,13.0,,30.12,0.0,,,,2025-01-11,1,2025,23,KOKV
2025-01-10,10,00:55,EST,W  5,10.0,Fair,CLR,21.2,8.6,,,58%,16.0,,30.12,0.0,,,,2025-01-11,1,2025,0,KOKV
2025-01-10,10,01:55,EST,NW  7,10.0,Fair,CLR,21.2,8.6,,,58%,13.0,,30.13,0.0,,,,2025-01-11,1,2025,1,KOKV
2025-01-10,10,02:55,EST,W  5,10.0,Fair,CLR,19.4,6.8,,,58%,14.0,,30.14,0.0,,,,2025-01-11,1,2025,2,KOKV
2025-01-10,10,03:55,EST,W  3,10.0,Fair,CLR,17.6,5.0,,,58%,,,30.16,0.0,,,,2025-01-11,1,2025,3,KOKV
2025-01-10,10,04:55,EST,W  8,10.0,Fair,CLR,14.0,5.0,,,67%,4.0,,30.15,0.0,,,,2025-01-11,1,2025,4,KOKV
2025-01-10,10,05:55,EST,SE  8,10.0,Fair,CLR,8.6,-0.4,,,66%,-3.0,,30.15,0.0,,,,2025-01-11,1,2025,5,KOKV
2025-01-10,10,06:55,EST,Calm,10.0,Fair,CLR,10.4,3.2,,,72%,,,30.15,0.0,,,,2025-01-11,1,2025,6,KOKV
2025-01-10,10,07:55,EST,NW  3,10.0,Fair,CLR,12.2,3.2,,,67%,,,30.14,0.0,,,,2025-01-11,1,2025,7,KOKV
2025-01-10,10,08:55,EST,Calm,10.0,Fair,CLR,14.0,3.2,,,62%,,,30.15,0.0,,,,2025-01-11,1,2025,8,KOKV
2025-01-10,10,09:55,EST,Calm,10.0,Fair,CLR,21.2,5.0,,,49%,,,30.12,0.0,,,,2025-01-11,1,2025,9,KOKV
2025-01-10,10,10:55,EST,W  5,10.0,Fair,CLR,23.0,8.6,,,54%,18.0,,30.12,0.0,,,,2025-01-11,1,2025,10,KOKV
2025-01-10,10,11:55,EST,Calm,10.0,Fair,CLR,26.6,6.8,,,43%,,,30.08,0.0,,,,2025-01-11,1,2025,11,KOKV
2025-01-10,10,12:55,EST,Calm,10.0,Fair,CLR,28.4,8.6,,,43%,,,30.05,0.0,,,,2025-01-11,1,2025,12,KOKV
2025-01-10,10,13:35,EST,Calm,10.0,Fair,CLR,28.4,6.8,,,40%,,,30.02,0.0,,,,2025-01-11,1,2025,13,KOKV
2025-01-10,10,14:55,EST,Calm,10.0,Fair,CLR,28.4,6.8,,,40%,,,29.94,0.0,,,,2025-01-11,1,2025,14,KOKV
2025-01-10,10,15:55,EST,Calm,10.0,Mostly Cloudy,BKN120,30.2,8.6,,,40%,,,29.94,0.0,,,,2025-01-11,1,2025,15,KOKV
2025-01-10,10,16:55,EST,SE  3,10.0,Overcast,OVC100,28.4,12.2,,,51%,,,29.9,0.0,,,,2025-01-11,1,2025,16,KOKV
2025-01-10,10,17:55,EST,Calm,10.0,Overcast,OVC100,28.4,10.4,,,47%,,,29.88,0.0,,,,2025-01-11,1,2025,17,KOKV
2025-01-10,10,18:55,EST,Calm,10.0,Overcast,OVC100,28.4,10.4,,,47%,,,29.86,0.0,,,,2025-01-11,1,2025,18,KOKV
2025-01-10,10,19:55,EST,Calm,10.0,Overcast,OVC080,26.6,12.2,,,54%,,,29.81,0.0,,,,2025-01-11,1,2025,19,KOKV
2025-01-10,10,20:55,EST,Calm,10.0,Overcast,SCT055 OVC070,26.6,10.4,,,50%,,,29.77,0.0,,,,2025-01-11,1,2025,20,KOKV
2025-01-10,10,21:55,EST,Calm,10.0,Overcast,SCT050 BKN060 OVC070,26.6,12.2,,,54%,,,29.76,0.0,,,,2025-01-11,1,2025,21,KOKV
2025-01-10,10,22:55,EST,SE  5,2.5,Overcast,SCT022 BKN026 OVC048,24.8,19.4,,,80%,20.0,,29.73,0.0,,,,2025-01-11,1,2025,22,KOKV
2025-01-10,10,23:55,EST,S  5,1.5,Overcast,BKN014 BKN018 OVC022,23.0,19.4,,,86%,18.0,,29.7,0.0,,,,2025-01-11,1,2025,23,KOKV
2025-01-11,11,00:35,EST,Calm,1.75,Overcast,BKN015 OVC020,23.0,21.2,,,93%,,,29.67,0.0,,,,2025-01-11,1,2025,0,KOKV
